id,condition,list,condit_order_file
1,control-arm-leg,1-2-3,block_order_control-arm-leg.csv
2,arm-control-leg,1-2-3,block_order_arm-control-leg.csv
3,leg-arm-control,2-3-1,block_order_leg-arm-control.csv
4,leg-control-arm,1-2-3,block_order_leg-control-arm.csv
5,control-leg-arm,3-1-2,block_order_control-leg-arm.csv
6,arm-leg-control,1-2-3,block_order_arm-leg-control.csv
7,arm-control-leg,3-1-2,block_order_arm-control-leg.csv
8,arm-leg-control,2-3-1,block_order_arm-leg-control.csv
9,control-arm-leg,2-3-1,block_order_control-arm-leg.csv
10,leg-arm-control,1-2-3,block_order_leg-arm-control.csv
11,control-leg-arm,2-3-1,block_order_control-leg-arm.csv
12,leg-control-arm,2-3-1,block_order_leg-control-arm.csv
13,control-leg-arm,1-2-3,block_order_control-leg-arm.csv
14,control-arm-leg,3-1-2,block_order_control-arm-leg.csv
15,arm-leg-control,3-1-2,block_order_arm-leg-control.csv
16,leg-arm-control,3-1-2,block_order_leg-arm-control.csv
17,leg-control-arm,3-1-2,block_order_leg-control-arm.csv
18,arm-control-leg,2-3-1,block_order_arm-control-leg.csv
19,control-arm-leg,3-2-1,block_order_control-arm-leg.csv
20,arm-leg-control,1-3-2,block_order_arm-leg-control.csv
21,leg-control-arm,2-1-3,block_order_leg-control-arm.csv
22,leg-arm-control,1-3-2,block_order_leg-arm-control.csv
23,control-leg-arm,1-3-2,block_order_control-leg-arm.csv
24,arm-control-leg,1-3-2,block_order_arm-control-leg.csv
25,control-arm-leg,2-1-3,block_order_control-arm-leg.csv
26,leg-control-arm,1-3-2,block_order_leg-control-arm.csv
27,arm-leg-control,3-2-1,block_order_arm-leg-control.csv
28,leg-arm-control,2-1-3,block_order_leg-arm-control.csv
29,control-leg-arm,2-1-3,block_order_control-leg-arm.csv
30,arm-control-leg,2-1-3,block_order_arm-control-leg.csv
31,leg-control-arm,3-2-1,block_order_leg-control-arm.csv
32,leg-arm-control,3-2-1,block_order_leg-arm-control.csv
33,control-leg-arm,3-2-1,block_order_control-leg-arm.csv
34,arm-control-leg,3-2-1,block_order_arm-control-leg.csv
35,arm-leg-control,2-1-3,block_order_arm-leg-control.csv
36,control-arm-leg,1-3-2,block_order_control-arm-leg.csv
37,control-arm-leg,1-2-3,block_order_control-arm-leg.csv
38,arm-control-leg,1-2-3,block_order_arm-control-leg.csv
39,control-leg-arm,3-1-2,block_order_control-leg-arm.csv
40,leg-arm-control,2-3-1,block_order_leg-arm-control.csv
41,arm-leg-control,1-2-3,block_order_arm-leg-control.csv
42,leg-control-arm,1-2-3,block_order_leg-control-arm.csv
43,control-arm-leg,2-3-1,block_order_control-arm-leg.csv
44,leg-arm-control,1-2-3,block_order_leg-arm-control.csv
45,arm-control-leg,3-1-2,block_order_arm-control-leg.csv
46,control-leg-arm,2-3-1,block_order_control-leg-arm.csv
47,arm-leg-control,2-3-1,block_order_arm-leg-control.csv
48,leg-control-arm,2-3-1,block_order_leg-control-arm.csv
49,arm-leg-control,3-1-2,block_order_arm-leg-control.csv
50,control-arm-leg,3-1-2,block_order_control-arm-leg.csv
51,leg-control-arm,3-1-2,block_order_leg-control-arm.csv
52,arm-control-leg,2-3-1,block_order_arm-control-leg.csv
53,control-leg-arm,1-2-3,block_order_control-leg-arm.csv
54,leg-arm-control,3-1-2,block_order_leg-arm-control.csv
55,leg-control-arm,2-1-3,block_order_leg-control-arm.csv
56,arm-control-leg,1-3-2,block_order_arm-control-leg.csv
57,control-arm-leg,3-2-1,block_order_control-arm-leg.csv
58,arm-leg-control,1-3-2,block_order_arm-leg-control.csv
59,control-leg-arm,1-3-2,block_order_control-leg-arm.csv
60,leg-arm-control,1-3-2,block_order_leg-arm-control.csv
61,leg-arm-control,2-1-3,block_order_leg-arm-control.csv
62,arm-control-leg,2-1-3,block_order_arm-control-leg.csv
63,arm-leg-control,3-2-1,block_order_arm-leg-control.csv
64,leg-control-arm,1-3-2,block_order_leg-control-arm.csv
65,control-leg-arm,2-1-3,block_order_control-leg-arm.csv
66,control-arm-leg,2-1-3,block_order_control-arm-leg.csv
67,arm-leg-control,2-1-3,block_order_arm-leg-control.csv
68,leg-arm-control,3-2-1,block_order_leg-arm-control.csv
69,control-leg-arm,3-2-1,block_order_control-leg-arm.csv
70,arm-control-leg,3-2-1,block_order_arm-control-leg.csv
71,leg-control-arm,3-2-1,block_order_leg-control-arm.csv
72,control-arm-leg,1-3-2,block_order_control-arm-leg.csv
73,control-leg-arm,3-1-2,block_order_control-leg-arm.csv
74,control-arm-leg,1-2-3,block_order_control-arm-leg.csv
75,leg-arm-control,2-3-1,block_order_leg-arm-control.csv
76,arm-control-leg,1-2-3,block_order_arm-control-leg.csv
77,arm-leg-control,1-2-3,block_order_arm-leg-control.csv
78,leg-control-arm,1-2-3,block_order_leg-control-arm.csv
79,control-leg-arm,2-3-1,block_order_control-leg-arm.csv
80,leg-arm-control,1-2-3,block_order_leg-arm-control.csv
81,arm-leg-control,2-3-1,block_order_arm-leg-control.csv
82,leg-control-arm,2-3-1,block_order_leg-control-arm.csv
83,arm-control-leg,3-1-2,block_order_arm-control-leg.csv
84,control-arm-leg,2-3-1,block_order_control-arm-leg.csv
85,leg-arm-control,3-1-2,block_order_leg-arm-control.csv
86,arm-leg-control,3-1-2,block_order_arm-leg-control.csv
87,arm-control-leg,2-3-1,block_order_arm-control-leg.csv
88,leg-control-arm,3-1-2,block_order_leg-control-arm.csv
89,control-leg-arm,1-2-3,block_order_control-leg-arm.csv
90,control-arm-leg,3-1-2,block_order_control-arm-leg.csv
91,leg-arm-control,1-3-2,block_order_leg-arm-control.csv
92,control-leg-arm,1-3-2,block_order_control-leg-arm.csv
93,leg-control-arm,2-1-3,block_order_leg-control-arm.csv
94,arm-leg-control,1-3-2,block_order_arm-leg-control.csv
95,control-arm-leg,3-2-1,block_order_control-arm-leg.csv
96,arm-control-leg,1-3-2,block_order_arm-control-leg.csv
97,leg-arm-control,2-1-3,block_order_leg-arm-control.csv
98,leg-control-arm,1-3-2,block_order_leg-control-arm.csv
99,control-leg-arm,2-1-3,block_order_control-leg-arm.csv
100,control-arm-leg,2-1-3,block_order_control-arm-leg.csv
101,arm-leg-control,3-2-1,block_order_arm-leg-control.csv
102,arm-control-leg,2-1-3,block_order_arm-control-leg.csv
103,control-leg-arm,3-2-1,block_order_control-leg-arm.csv
104,leg-arm-control,3-2-1,block_order_leg-arm-control.csv
105,leg-control-arm,3-2-1,block_order_leg-control-arm.csv
106,arm-leg-control,2-1-3,block_order_arm-leg-control.csv
107,control-arm-leg,1-3-2,block_order_control-arm-leg.csv
108,arm-control-leg,3-2-1,block_order_arm-control-leg.csv
109,arm-control-leg,1-2-3,block_order_arm-control-leg.csv
110,control-arm-leg,1-2-3,block_order_control-arm-leg.csv
111,leg-arm-control,2-3-1,block_order_leg-arm-control.csv
112,control-leg-arm,3-1-2,block_order_control-leg-arm.csv
113,leg-control-arm,1-2-3,block_order_leg-control-arm.csv
114,arm-leg-control,1-2-3,block_order_arm-leg-control.csv
115,arm-control-leg,3-1-2,block_order_arm-control-leg.csv
116,leg-control-arm,2-3-1,block_order_leg-control-arm.csv
117,control-arm-leg,2-3-1,block_order_control-arm-leg.csv
118,arm-leg-control,2-3-1,block_order_arm-leg-control.csv
119,control-leg-arm,2-3-1,block_order_control-leg-arm.csv
120,leg-arm-control,1-2-3,block_order_leg-arm-control.csv
121,leg-control-arm,3-1-2,block_order_leg-control-arm.csv
122,leg-arm-control,3-1-2,block_order_leg-arm-control.csv
123,arm-control-leg,2-3-1,block_order_arm-control-leg.csv
124,control-leg-arm,1-2-3,block_order_control-leg-arm.csv
125,arm-leg-control,3-1-2,block_order_arm-leg-control.csv
126,control-arm-leg,3-1-2,block_order_control-arm-leg.csv
127,leg-control-arm,2-1-3,block_order_leg-control-arm.csv
128,arm-control-leg,1-3-2,block_order_arm-control-leg.csv
129,control-leg-arm,1-3-2,block_order_control-leg-arm.csv
130,control-arm-leg,3-2-1,block_order_control-arm-leg.csv
131,leg-arm-control,1-3-2,block_order_leg-arm-control.csv
132,arm-leg-control,1-3-2,block_order_arm-leg-control.csv
133,leg-control-arm,1-3-2,block_order_leg-control-arm.csv
134,leg-arm-control,2-1-3,block_order_leg-arm-control.csv
135,arm-control-leg,2-1-3,block_order_arm-control-leg.csv
136,arm-leg-control,3-2-1,block_order_arm-leg-control.csv
137,control-arm-leg,2-1-3,block_order_control-arm-leg.csv
138,control-leg-arm,2-1-3,block_order_control-leg-arm.csv
139,control-leg-arm,3-2-1,block_order_control-leg-arm.csv
140,leg-arm-control,3-2-1,block_order_leg-arm-control.csv
141,arm-control-leg,3-2-1,block_order_arm-control-leg.csv
142,leg-control-arm,3-2-1,block_order_leg-control-arm.csv
143,arm-leg-control,2-1-3,block_order_arm-leg-control.csv
144,control-arm-leg,1-3-2,block_order_control-arm-leg.csv
145,leg-control-arm,1-2-3,block_order_leg-control-arm.csv
146,control-arm-leg,1-2-3,block_order_control-arm-leg.csv
147,control-leg-arm,3-1-2,block_order_control-leg-arm.csv
148,arm-leg-control,1-2-3,block_order_arm-leg-control.csv
149,arm-control-leg,1-2-3,block_order_arm-control-leg.csv
150,leg-arm-control,2-3-1,block_order_leg-arm-control.csv
151,control-arm-leg,2-3-1,block_order_control-arm-leg.csv
152,control-leg-arm,2-3-1,block_order_control-leg-arm.csv
153,leg-control-arm,2-3-1,block_order_leg-control-arm.csv
154,arm-control-leg,3-1-2,block_order_arm-control-leg.csv
155,arm-leg-control,2-3-1,block_order_arm-leg-control.csv
156,leg-arm-control,1-2-3,block_order_leg-arm-control.csv
157,arm-control-leg,2-3-1,block_order_arm-control-leg.csv
158,control-arm-leg,3-1-2,block_order_control-arm-leg.csv
159,leg-arm-control,3-1-2,block_order_leg-arm-control.csv
160,leg-control-arm,3-1-2,block_order_leg-control-arm.csv
161,control-leg-arm,1-2-3,block_order_control-leg-arm.csv
162,arm-leg-control,3-1-2,block_order_arm-leg-control.csv
163,control-leg-arm,1-3-2,block_order_control-leg-arm.csv
164,control-arm-leg,3-2-1,block_order_control-arm-leg.csv
165,arm-control-leg,1-3-2,block_order_arm-control-leg.csv
166,leg-arm-control,1-3-2,block_order_leg-arm-control.csv
167,leg-control-arm,2-1-3,block_order_leg-control-arm.csv
168,arm-leg-control,1-3-2,block_order_arm-leg-control.csv
169,arm-leg-control,3-2-1,block_order_arm-leg-control.csv
170,arm-control-leg,2-1-3,block_order_arm-control-leg.csv
171,leg-control-arm,1-3-2,block_order_leg-control-arm.csv
172,control-leg-arm,2-1-3,block_order_control-leg-arm.csv
173,control-arm-leg,2-1-3,block_order_control-arm-leg.csv
174,leg-arm-control,2-1-3,block_order_leg-arm-control.csv
175,control-leg-arm,3-2-1,block_order_control-leg-arm.csv
176,arm-control-leg,3-2-1,block_order_arm-control-leg.csv
177,leg-control-arm,3-2-1,block_order_leg-control-arm.csv
178,leg-arm-control,3-2-1,block_order_leg-arm-control.csv
179,arm-leg-control,2-1-3,block_order_arm-leg-control.csv
180,control-arm-leg,1-3-2,block_order_control-arm-leg.csv
181,control-leg-arm,3-1-2,block_order_control-leg-arm.csv
182,arm-leg-control,1-2-3,block_order_arm-leg-control.csv
183,leg-control-arm,1-2-3,block_order_leg-control-arm.csv
184,control-arm-leg,1-2-3,block_order_control-arm-leg.csv
185,arm-control-leg,1-2-3,block_order_arm-control-leg.csv
186,leg-arm-control,2-3-1,block_order_leg-arm-control.csv
187,leg-control-arm,2-3-1,block_order_leg-control-arm.csv
188,arm-control-leg,3-1-2,block_order_arm-control-leg.csv
189,control-leg-arm,2-3-1,block_order_control-leg-arm.csv
190,arm-leg-control,2-3-1,block_order_arm-leg-control.csv
191,leg-arm-control,1-2-3,block_order_leg-arm-control.csv
192,control-arm-leg,2-3-1,block_order_control-arm-leg.csv
193,leg-control-arm,3-1-2,block_order_leg-control-arm.csv
194,leg-arm-control,3-1-2,block_order_leg-arm-control.csv
195,control-leg-arm,1-2-3,block_order_control-leg-arm.csv
196,arm-control-leg,2-3-1,block_order_arm-control-leg.csv
197,arm-leg-control,3-1-2,block_order_arm-leg-control.csv
198,control-arm-leg,3-1-2,block_order_control-arm-leg.csv
199,arm-control-leg,1-3-2,block_order_arm-control-leg.csv
200,control-leg-arm,1-3-2,block_order_control-leg-arm.csv
201,leg-control-arm,2-1-3,block_order_leg-control-arm.csv
202,leg-arm-control,1-3-2,block_order_leg-arm-control.csv
203,arm-leg-control,1-3-2,block_order_arm-leg-control.csv
204,control-arm-leg,3-2-1,block_order_control-arm-leg.csv
205,control-arm-leg,2-1-3,block_order_control-arm-leg.csv
206,leg-arm-control,2-1-3,block_order_leg-arm-control.csv
207,arm-control-leg,2-1-3,block_order_arm-control-leg.csv
208,arm-leg-control,3-2-1,block_order_arm-leg-control.csv
209,control-leg-arm,2-1-3,block_order_control-leg-arm.csv
210,leg-control-arm,1-3-2,block_order_leg-control-arm.csv
211,arm-leg-control,2-1-3,block_order_arm-leg-control.csv
212,leg-control-arm,3-2-1,block_order_leg-control-arm.csv
213,leg-arm-control,3-2-1,block_order_leg-arm-control.csv
214,control-leg-arm,3-2-1,block_order_control-leg-arm.csv
215,arm-control-leg,3-2-1,block_order_arm-control-leg.csv
216,control-arm-leg,1-3-2,block_order_control-arm-leg.csv
217,control-arm-leg,1-2-3,block_order_control-arm-leg.csv
218,arm-leg-control,1-2-3,block_order_arm-leg-control.csv
219,leg-arm-control,2-3-1,block_order_leg-arm-control.csv
220,leg-control-arm,1-2-3,block_order_leg-control-arm.csv
221,control-leg-arm,3-1-2,block_order_control-leg-arm.csv
222,arm-control-leg,1-2-3,block_order_arm-control-leg.csv
223,arm-leg-control,2-3-1,block_order_arm-leg-control.csv
224,control-leg-arm,2-3-1,block_order_control-leg-arm.csv
225,arm-control-leg,3-1-2,block_order_arm-control-leg.csv
226,leg-control-arm,2-3-1,block_order_leg-control-arm.csv
227,leg-arm-control,1-2-3,block_order_leg-arm-control.csv
228,control-arm-leg,2-3-1,block_order_control-arm-leg.csv
229,leg-control-arm,3-1-2,block_order_leg-control-arm.csv
230,control-arm-leg,3-1-2,block_order_control-arm-leg.csv
231,control-leg-arm,1-2-3,block_order_control-leg-arm.csv
232,leg-arm-control,3-1-2,block_order_leg-arm-control.csv
233,arm-leg-control,3-1-2,block_order_arm-leg-control.csv
234,arm-control-leg,2-3-1,block_order_arm-control-leg.csv
235,arm-control-leg,1-3-2,block_order_arm-control-leg.csv
236,arm-leg-control,1-3-2,block_order_arm-leg-control.csv
237,control-leg-arm,1-3-2,block_order_control-leg-arm.csv
238,control-arm-leg,3-2-1,block_order_control-arm-leg.csv
239,leg-arm-control,1-3-2,block_order_leg-arm-control.csv
240,leg-control-arm,2-1-3,block_order_leg-control-arm.csv
241,leg-arm-control,2-1-3,block_order_leg-arm-control.csv
242,arm-leg-control,3-2-1,block_order_arm-leg-control.csv
243,control-leg-arm,2-1-3,block_order_control-leg-arm.csv
244,control-arm-leg,2-1-3,block_order_control-arm-leg.csv
245,arm-control-leg,2-1-3,block_order_arm-control-leg.csv
246,leg-control-arm,1-3-2,block_order_leg-control-arm.csv
247,arm-control-leg,3-2-1,block_order_arm-control-leg.csv
248,control-arm-leg,1-3-2,block_order_control-arm-leg.csv
249,arm-leg-control,2-1-3,block_order_arm-leg-control.csv
250,control-leg-arm,3-2-1,block_order_control-leg-arm.csv
251,leg-control-arm,3-2-1,block_order_leg-control-arm.csv
252,leg-arm-control,3-2-1,block_order_leg-arm-control.csv
253,control-arm-leg,1-2-3,block_order_control-arm-leg.csv
254,leg-control-arm,1-2-3,block_order_leg-control-arm.csv
255,leg-arm-control,2-3-1,block_order_leg-arm-control.csv
256,arm-leg-control,1-2-3,block_order_arm-leg-control.csv
257,control-leg-arm,3-1-2,block_order_control-leg-arm.csv
258,arm-control-leg,1-2-3,block_order_arm-control-leg.csv
259,control-leg-arm,2-3-1,block_order_control-leg-arm.csv
260,leg-arm-control,1-2-3,block_order_leg-arm-control.csv
261,leg-control-arm,2-3-1,block_order_leg-control-arm.csv
262,arm-control-leg,3-1-2,block_order_arm-control-leg.csv
263,control-arm-leg,2-3-1,block_order_control-arm-leg.csv
264,arm-leg-control,2-3-1,block_order_arm-leg-control.csv
265,control-arm-leg,3-1-2,block_order_control-arm-leg.csv
266,control-leg-arm,1-2-3,block_order_control-leg-arm.csv
267,arm-control-leg,2-3-1,block_order_arm-control-leg.csv
268,leg-arm-control,3-1-2,block_order_leg-arm-control.csv
269,arm-leg-control,3-1-2,block_order_arm-leg-control.csv
270,leg-control-arm,3-1-2,block_order_leg-control-arm.csv
271,leg-control-arm,2-1-3,block_order_leg-control-arm.csv
272,leg-arm-control,1-3-2,block_order_leg-arm-control.csv
273,arm-leg-control,1-3-2,block_order_arm-leg-control.csv
274,control-leg-arm,1-3-2,block_order_control-leg-arm.csv
275,control-arm-leg,3-2-1,block_order_control-arm-leg.csv
276,arm-control-leg,1-3-2,block_order_arm-control-leg.csv
277,arm-leg-control,3-2-1,block_order_arm-leg-control.csv
278,leg-arm-control,2-1-3,block_order_leg-arm-control.csv
279,arm-control-leg,2-1-3,block_order_arm-control-leg.csv
280,leg-control-arm,1-3-2,block_order_leg-control-arm.csv
281,control-leg-arm,2-1-3,block_order_control-leg-arm.csv
282,control-arm-leg,2-1-3,block_order_control-arm-leg.csv
283,arm-control-leg,3-2-1,block_order_arm-control-leg.csv
284,control-arm-leg,1-3-2,block_order_control-arm-leg.csv
285,leg-control-arm,3-2-1,block_order_leg-control-arm.csv
286,arm-leg-control,2-1-3,block_order_arm-leg-control.csv
287,leg-arm-control,3-2-1,block_order_leg-arm-control.csv
288,control-leg-arm,3-2-1,block_order_control-leg-arm.csv
289,control-leg-arm,3-1-2,block_order_control-leg-arm.csv
290,leg-arm-control,2-3-1,block_order_leg-arm-control.csv
291,arm-leg-control,1-2-3,block_order_arm-leg-control.csv
292,leg-control-arm,1-2-3,block_order_leg-control-arm.csv
293,arm-control-leg,1-2-3,block_order_arm-control-leg.csv
294,control-arm-leg,1-2-3,block_order_control-arm-leg.csv
295,arm-control-leg,3-1-2,block_order_arm-control-leg.csv
296,arm-leg-control,2-3-1,block_order_arm-leg-control.csv
297,control-leg-arm,2-3-1,block_order_control-leg-arm.csv
298,leg-control-arm,2-3-1,block_order_leg-control-arm.csv
299,leg-arm-control,1-2-3,block_order_leg-arm-control.csv
300,control-arm-leg,2-3-1,block_order_control-arm-leg.csv
301,control-arm-leg,3-1-2,block_order_control-arm-leg.csv
302,arm-leg-control,3-1-2,block_order_arm-leg-control.csv
303,leg-control-arm,3-1-2,block_order_leg-control-arm.csv
304,leg-arm-control,3-1-2,block_order_leg-arm-control.csv
305,control-leg-arm,1-2-3,block_order_control-leg-arm.csv
306,arm-control-leg,2-3-1,block_order_arm-control-leg.csv
307,arm-control-leg,1-3-2,block_order_arm-control-leg.csv
308,control-arm-leg,3-2-1,block_order_control-arm-leg.csv
309,control-leg-arm,1-3-2,block_order_control-leg-arm.csv
310,leg-arm-control,1-3-2,block_order_leg-arm-control.csv
311,leg-control-arm,2-1-3,block_order_leg-control-arm.csv
312,arm-leg-control,1-3-2,block_order_arm-leg-control.csv
313,arm-leg-control,3-2-1,block_order_arm-leg-control.csv
314,leg-control-arm,1-3-2,block_order_leg-control-arm.csv
315,control-leg-arm,2-1-3,block_order_control-leg-arm.csv
316,control-arm-leg,2-1-3,block_order_control-arm-leg.csv
317,leg-arm-control,2-1-3,block_order_leg-arm-control.csv
318,arm-control-leg,2-1-3,block_order_arm-control-leg.csv
319,leg-arm-control,3-2-1,block_order_leg-arm-control.csv
320,arm-leg-control,2-1-3,block_order_arm-leg-control.csv
321,leg-control-arm,3-2-1,block_order_leg-control-arm.csv
322,control-leg-arm,3-2-1,block_order_control-leg-arm.csv
323,control-arm-leg,1-3-2,block_order_control-arm-leg.csv
324,arm-control-leg,3-2-1,block_order_arm-control-leg.csv
964,control-arm-leg,1-2-3,block_order_control-arm-leg.csv
965,leg-control-arm,1-2-3,block_order_leg-control-arm.csv
966,arm-leg-control,1-2-3,block_order_arm-leg-control.csv
967,arm-control-leg,1-2-3,block_order_arm-control-leg.csv
968,control-leg-arm,3-1-2,block_order_control-leg-arm.csv
969,leg-arm-control,2-3-1,block_order_leg-arm-control.csv
970,arm-control-leg,3-1-2,block_order_arm-control-leg.csv
971,control-leg-arm,2-3-1,block_order_control-leg-arm.csv
972,leg-control-arm,2-3-1,block_order_leg-control-arm.csv
973,leg-arm-control,1-2-3,block_order_leg-arm-control.csv
974,arm-leg-control,2-3-1,block_order_arm-leg-control.csv
975,control-arm-leg,2-3-1,block_order_control-arm-leg.csv
976,control-leg-arm,1-2-3,block_order_control-leg-arm.csv
977,leg-control-arm,3-1-2,block_order_leg-control-arm.csv
978,arm-leg-control,3-1-2,block_order_arm-leg-control.csv
979,control-arm-leg,3-1-2,block_order_control-arm-leg.csv
980,arm-control-leg,2-3-1,block_order_arm-control-leg.csv
981,leg-arm-control,3-1-2,block_order_leg-arm-control.csv
982,leg-control-arm,2-1-3,block_order_leg-control-arm.csv
983,arm-control-leg,1-3-2,block_order_arm-control-leg.csv
984,control-leg-arm,1-3-2,block_order_control-leg-arm.csv
985,control-arm-leg,3-2-1,block_order_control-arm-leg.csv
986,leg-arm-control,1-3-2,block_order_leg-arm-control.csv
987,arm-leg-control,1-3-2,block_order_arm-leg-control.csv
988,control-leg-arm,2-1-3,block_order_control-leg-arm.csv
989,control-arm-leg,2-1-3,block_order_control-arm-leg.csv
990,arm-control-leg,2-1-3,block_order_arm-control-leg.csv
991,leg-arm-control,2-1-3,block_order_leg-arm-control.csv
992,leg-control-arm,1-3-2,block_order_leg-control-arm.csv
993,arm-leg-control,3-2-1,block_order_arm-leg-control.csv
994,control-arm-leg,1-3-2,block_order_control-arm-leg.csv
995,arm-control-leg,3-2-1,block_order_arm-control-leg.csv
996,leg-arm-control,3-2-1,block_order_leg-arm-control.csv
997,control-leg-arm,3-2-1,block_order_control-leg-arm.csv
998,arm-leg-control,2-1-3,block_order_arm-leg-control.csv
999,leg-control-arm,3-2-1,block_order_leg-control-arm.csv
