filename	transcription	comment	block	date_time	participant	trial
10_sp13_replication_swe_2020_Nov_13_1104_block_1_word_presentation_0.wav	trampa jogga lunka rusa	osäker på det första ordet	1	2020/Nov/13/1104	10	0
10_sp13_replication_swe_2020_Nov_13_1104_block_1_word_presentation_1.wav	trampa vada klinka åla		1	2020/Nov/13/1104	10	1
10_sp13_replication_swe_2020_Nov_13_1104_block_1_word_presentation_10.wav	polera rista karva bistra	jag är osäker på det sista ordet	1	2020/Nov/13/1104	10	10
10_sp13_replication_swe_2020_Nov_13_1104_block_1_word_presentation_11.wav	vira gnugga klippa fila		1	2020/Nov/13/1104	10	11
10_sp13_replication_swe_2020_Nov_13_1104_block_1_word_presentation_12.wav	gå ströva sprinta kila		1	2020/Nov/13/1104	10	12
10_sp13_replication_swe_2020_Nov_13_1104_block_1_word_presentation_13.wav	traska kila snubbla ramla		1	2020/Nov/13/1104	10	13
10_sp13_replication_swe_2020_Nov_13_1104_block_1_word_presentation_14.wav	fly pinna vandra traska	det sista ordet låter mer som sraska	1	2020/Nov/13/1104	10	14
10_sp13_replication_swe_2020_Nov_13_1104_block_1_word_presentation_15.wav	rota bulta ösa strejka	osäker på sista ordet	1	2020/Nov/13/1104	10	15
10_sp13_replication_swe_2020_Nov_13_1104_block_1_word_presentation_16.wav	promenera vanka 	kan inte riktigt höra de två sista	1	2020/Nov/13/1104	10	16
10_sp13_replication_swe_2020_Nov_13_1104_block_1_word_presentation_17.wav	peta snärta vira flå	osäker på sista	1	2020/Nov/13/1104	10	17
10_sp13_replication_swe_2020_Nov_13_1104_block_1_word_presentation_18.wav	snava strutta ränna gå		1	2020/Nov/13/1104	10	18
10_sp13_replication_swe_2020_Nov_13_1104_block_1_word_presentation_19.wav	kliva stega halka skynda		1	2020/Nov/13/1104	10	19
10_sp13_replication_swe_2020_Nov_13_1104_block_1_word_presentation_2.wav	stövla trampa kolva rusa	jag vet inte om hon bara hittar på det tredje ordet eller om jag hör fel	1	2020/Nov/13/1104	10	2
10_sp13_replication_swe_2020_Nov_13_1104_block_1_word_presentation_20.wav	gripa banka stiga klå	osäker på tredje ordet	1	2020/Nov/13/1104	10	20
10_sp13_replication_swe_2020_Nov_13_1104_block_1_word_presentation_21.wav	skala vira klämma	kan inte höra det sista ordet	1	2020/Nov/13/1104	10	21
10_sp13_replication_swe_2020_Nov_13_1104_block_1_word_presentation_22.wav	tassa halta cykla skejta		1	2020/Nov/13/1104	10	22
10_sp13_replication_swe_2020_Nov_13_1104_block_1_word_presentation_23.wav	skura daska vika signera		1	2020/Nov/13/1104	10	23
10_sp13_replication_swe_2020_Nov_13_1104_block_1_word_presentation_24.wav	ragla flanera marschera löpa		1	2020/Nov/13/1104	10	24
10_sp13_replication_swe_2020_Nov_13_1104_block_1_word_presentation_25.wav	kasta ropa flanera 	kan inte höra sista	1	2020/Nov/13/1104	10	25
10_sp13_replication_swe_2020_Nov_13_1104_block_1_word_presentation_3.wav	linda nypa putta 	kan inte höra sista	1	2020/Nov/13/1104	10	3
10_sp13_replication_swe_2020_Nov_13_1104_block_1_word_presentation_4.wav	sno greppa plocka hiva		1	2020/Nov/13/1104	10	4
10_sp13_replication_swe_2020_Nov_13_1104_block_1_word_presentation_5.wav	repa borsta gneta karva		1	2020/Nov/13/1104	10	5
10_sp13_replication_swe_2020_Nov_13_1104_block_1_word_presentation_6.wav	smyga hoppa gneta skrida	osäker på tredje ordet	1	2020/Nov/13/1104	10	6
10_sp13_replication_swe_2020_Nov_13_1104_block_1_word_presentation_7.wav	klösa hoppa kliva streta		1	2020/Nov/13/1104	10	7
10_sp13_replication_swe_2020_Nov_13_1104_block_1_word_presentation_8.wav	rycka riva klösa klå	osäker på första	1	2020/Nov/13/1104	10	8
10_sp13_replication_swe_2020_Nov_13_1104_block_1_word_presentation_9.wav	stappla kila hoppa klia 		1	2020/Nov/13/1104	10	9
10_sp13_replication_swe_2020_Nov_13_1104_block_2_word_presentation_0.wav	stanna vila stå svaja		2	2020/Nov/13/1104	10	0
10_sp13_replication_swe_2020_Nov_13_1104_block_2_word_presentation_1.wav	banka hiva piska stava		2	2020/Nov/13/1104	10	1
10_sp13_replication_swe_2020_Nov_13_1104_block_2_word_presentation_10.wav	vingla rangla cykla sträva		2	2020/Nov/13/1104	10	10
10_sp13_replication_swe_2020_Nov_13_1104_block_2_word_presentation_11.wav	grabba knappa trippa klara		2	2020/Nov/13/1104	10	11
10_sp13_replication_swe_2020_Nov_13_1104_block_2_word_presentation_12.wav	putta daska ösa avsky		2	2020/Nov/13/1104	10	12
10_sp13_replication_swe_2020_Nov_13_1104_block_2_word_presentation_13.wav	trampa ösa läcka sprinta	osäker på det sista ordet	2	2020/Nov/13/1104	10	13
10_sp13_replication_swe_2020_Nov_13_1104_block_2_word_presentation_14.wav	gnugga skura polera	kan inte höra det sista ordet	2	2020/Nov/13/1104	10	14
10_sp13_replication_swe_2020_Nov_13_1104_block_2_word_presentation_15.wav	pilla bulta plocka 	kan inte höra det sista ordet	2	2020/Nov/13/1104	10	15
10_sp13_replication_swe_2020_Nov_13_1104_block_2_word_presentation_16.wav	springa tåga hoppa skrida		2	2020/Nov/13/1104	10	16
10_sp13_replication_swe_2020_Nov_13_1104_block_2_word_presentation_17.wav	marschera ränna stövla tåga		2	2020/Nov/13/1104	10	17
10_sp13_replication_swe_2020_Nov_13_1104_block_2_word_presentation_18.wav	fila vira gripa presentera		2	2020/Nov/13/1104	10	18
10_sp13_replication_swe_2020_Nov_13_1104_block_2_word_presentation_19.wav	kasta flocka pirra hala 	osäker på andra ordet	2	2020/Nov/13/1104	10	19
10_sp13_replication_swe_2020_Nov_13_1104_block_2_word_presentation_2.wav	trava pinna ströva 	kan inte höra det sista ordet	2	2020/Nov/13/1104	10	2
10_sp13_replication_swe_2020_Nov_13_1104_block_2_word_presentation_20.wav	vandra filera marschera kliva	osäker på andra ordet	2	2020/Nov/13/1104	10	20
10_sp13_replication_swe_2020_Nov_13_1104_block_2_word_presentation_21.wav	tvätta norpa vika klippa		2	2020/Nov/13/1104	10	21
10_sp13_replication_swe_2020_Nov_13_1104_block_2_word_presentation_22.wav	skrida hoppa vackla nejla	är osäker på sista ordet	2	2020/Nov/13/1104	10	22
10_sp13_replication_swe_2020_Nov_13_1104_block_2_word_presentation_23.wav	stapla vandra halta nå		2	2020/Nov/13/1104	10	23
10_sp13_replication_swe_2020_Nov_13_1104_block_2_word_presentation_24.wav	torka fläta virka klösa		2	2020/Nov/13/1104	10	24
10_sp13_replication_swe_2020_Nov_13_1104_block_2_word_presentation_25.wav	skala laga flagna försvara		2	2020/Nov/13/1104	10	25
10_sp13_replication_swe_2020_Nov_13_1104_block_2_word_presentation_3.wav	slå pröva fånga öva		2	2020/Nov/13/1104	10	3
10_sp13_replication_swe_2020_Nov_13_1104_block_2_word_presentation_4.wav	halka skejta doppa banka		2	2020/Nov/13/1104	10	4
10_sp13_replication_swe_2020_Nov_13_1104_block_2_word_presentation_5.wav	nya borsta fläkta karva		2	2020/Nov/13/1104	10	5
10_sp13_replication_swe_2020_Nov_13_1104_block_2_word_presentation_6.wav	strutta öva hiva ströva		2	2020/Nov/13/1104	10	6
10_sp13_replication_swe_2020_Nov_13_1104_block_2_word_presentation_7.wav	skutta promenera akta vanka		2	2020/Nov/13/1104	10	7
10_sp13_replication_swe_2020_Nov_13_1104_block_2_word_presentation_8.wav	greppa knycka fila häkta		2	2020/Nov/13/1104	10	8
10_sp13_replication_swe_2020_Nov_13_1104_block_2_word_presentation_9.wav	ila vanka krya avsky	osäker på det tredje ordet	2	2020/Nov/13/1104	10	9
10_sp13_replication_swe_2020_Nov_13_1104_block_3_word_presentation_0.wav	fira grabba linka titta	osäker på det första	3	2020/Nov/13/1104	10	0
10_sp13_replication_swe_2020_Nov_13_1104_block_3_word_presentation_1.wav	svabba nypa fila borsta	osäker på det första	3	2020/Nov/13/1104	10	1
10_sp13_replication_swe_2020_Nov_13_1104_block_3_word_presentation_10.wav	knacka skura grabba klura		3	2020/Nov/13/1104	10	10
10_sp13_replication_swe_2020_Nov_13_1104_block_3_word_presentation_11.wav	knacka peta häva tysta		3	2020/Nov/13/1104	10	11
10_sp13_replication_swe_2020_Nov_13_1104_block_3_word_presentation_12.wav	ösa snärta rota polera		3	2020/Nov/13/1104	10	12
10_sp13_replication_swe_2020_Nov_13_1104_block_3_word_presentation_13.wav	trampa traska skrida vanka		3	2020/Nov/13/1104	10	13
10_sp13_replication_swe_2020_Nov_13_1104_block_3_word_presentation_14.wav	vika gripa slå torka		3	2020/Nov/13/1104	10	14
10_sp13_replication_swe_2020_Nov_13_1104_block_3_word_presentation_15.wav	tassa lunka kliva halka		3	2020/Nov/13/1104	10	15
10_sp13_replication_swe_2020_Nov_13_1104_block_3_word_presentation_16.wav	greppa slunga fånga norpa		3	2020/Nov/13/1104	10	16
10_sp13_replication_swe_2020_Nov_13_1104_block_3_word_presentation_17.wav	dringa greppa stövla svassa	jag hör inte riktigt det första ordet	3	2020/Nov/13/1104	10	17
10_sp13_replication_swe_2020_Nov_13_1104_block_3_word_presentation_18.wav	knacka vila svassa torka	är osäker på det sista ordet	3	2020/Nov/13/1104	10	18
10_sp13_replication_swe_2020_Nov_13_1104_block_3_word_presentation_19.wav	vandra stampa skejta ströva		3	2020/Nov/13/1104	10	19
10_sp13_replication_swe_2020_Nov_13_1104_block_3_word_presentation_2.wav	fly tåga stega strutta		3	2020/Nov/13/1104	10	2
10_sp13_replication_swe_2020_Nov_13_1104_block_3_word_presentation_20.wav	löpa ränna skutta ströva		3	2020/Nov/13/1104	10	20
10_sp13_replication_swe_2020_Nov_13_1104_block_3_word_presentation_21.wav	halka gno knycka slipa		3	2020/Nov/13/1104	10	21
10_sp13_replication_swe_2020_Nov_13_1104_block_3_word_presentation_22.wav	svaja vackla flanera kila		3	2020/Nov/13/1104	10	22
10_sp13_replication_swe_2020_Nov_13_1104_block_3_word_presentation_23.wav	bulta skyffla kliva klösa		3	2020/Nov/13/1104	10	23
10_sp13_replication_swe_2020_Nov_13_1104_block_3_word_presentation_24.wav	glida vackla stå skiva		3	2020/Nov/13/1104	10	24
10_sp13_replication_swe_2020_Nov_13_1104_block_3_word_presentation_25.wav	skala signera hissa plocka		3	2020/Nov/13/1104	10	25
10_sp13_replication_swe_2020_Nov_13_1104_block_3_word_presentation_3.wav	jogga halta marschera rusa		3	2020/Nov/13/1104	10	3
10_sp13_replication_swe_2020_Nov_13_1104_block_3_word_presentation_4.wav	springa knalla marschera rusa		3	2020/Nov/13/1104	10	4
10_sp13_replication_swe_2020_Nov_13_1104_block_3_word_presentation_5.wav	repa fläta slita karva	osäker på det första ordet	3	2020/Nov/13/1104	10	5
10_sp13_replication_swe_2020_Nov_13_1104_block_3_word_presentation_6.wav	gå knäa pinna linka		3	2020/Nov/13/1104	10	6
10_sp13_replication_swe_2020_Nov_13_1104_block_3_word_presentation_7.wav	repa rycka dunka	osäker på vad det är för ord som kommer efter rycka och före dunka	3	2020/Nov/13/1104	10	7
10_sp13_replication_swe_2020_Nov_13_1104_block_3_word_presentation_8.wav	baka trippa snegla vingla		3	2020/Nov/13/1104	10	8
10_sp13_replication_swe_2020_Nov_13_1104_block_3_word_presentation_9.wav	ila skutta skynda snubbla		3	2020/Nov/13/1104	10	9
11_sp13_replication_swe_2020_Nov_13_1332_block_1_word_presentation_0.wav	jogga knalla stampa halta		1	2020/Nov/13/1332	11	0
11_sp13_replication_swe_2020_Nov_13_1332_block_1_word_presentation_1.wav	skyffla norpa tvätta klippa		1	2020/Nov/13/1332	11	1
11_sp13_replication_swe_2020_Nov_13_1332_block_1_word_presentation_10.wav	banka piska hiva hacka		1	2020/Nov/13/1332	11	10
11_sp13_replication_swe_2020_Nov_13_1332_block_1_word_presentation_11.wav	trampa löpa rusa gå		1	2020/Nov/13/1332	11	11
11_sp13_replication_swe_2020_Nov_13_1332_block_1_word_presentation_12.wav	vira fila signera gripa		1	2020/Nov/13/1332	11	12
11_sp13_replication_swe_2020_Nov_13_1332_block_1_word_presentation_13.wav	putta daska rycka ösa		1	2020/Nov/13/1332	11	13
11_sp13_replication_swe_2020_Nov_13_1332_block_1_word_presentation_14.wav	traska pinna kliva ströva	är osäker på pinna	1	2020/Nov/13/1332	11	14
11_sp13_replication_swe_2020_Nov_13_1332_block_1_word_presentation_15.wav	smyga strutta kliva lunka		1	2020/Nov/13/1332	11	15
11_sp13_replication_swe_2020_Nov_13_1332_block_1_word_presentation_16.wav	nypa borsta karva svabba		1	2020/Nov/13/1332	11	16
11_sp13_replication_swe_2020_Nov_13_1332_block_1_word_presentation_17.wav	svaja ila stå vada		1	2020/Nov/13/1332	11	17
11_sp13_replication_swe_2020_Nov_13_1332_block_1_word_presentation_18.wav	slå sno repa fånga		1	2020/Nov/13/1332	11	18
11_sp13_replication_swe_2020_Nov_13_1332_block_1_word_presentation_19.wav	skutta tassa promenera sparka		1	2020/Nov/13/1332	11	19
11_sp13_replication_swe_2020_Nov_13_1332_block_1_word_presentation_2.wav	grabba knacka hissa rota		1	2020/Nov/13/1332	11	2
11_sp13_replication_swe_2020_Nov_13_1332_block_1_word_presentation_20.wav	greppa knycka skura linda		1	2020/Nov/13/1332	11	20
11_sp13_replication_swe_2020_Nov_13_1332_block_1_word_presentation_21.wav	torka fläta snärta klösa		1	2020/Nov/13/1332	11	21
11_sp13_replication_swe_2020_Nov_13_1332_block_1_word_presentation_22.wav	springa tåga snubbla glida		1	2020/Nov/13/1332	11	22
11_sp13_replication_swe_2020_Nov_13_1332_block_1_word_presentation_23.wav	polera gnugga dunka skrubba		1	2020/Nov/13/1332	11	23
11_sp13_replication_swe_2020_Nov_13_1332_block_1_word_presentation_24.wav	halka fly skejta snava		1	2020/Nov/13/1332	11	24
11_sp13_replication_swe_2020_Nov_13_1332_block_1_word_presentation_25.wav	vandra flanera stappla vanka		1	2020/Nov/13/1332	11	25
11_sp13_replication_swe_2020_Nov_13_1332_block_1_word_presentation_3.wav	vingla knäa ragla cykla		1	2020/Nov/13/1332	11	3
11_sp13_replication_swe_2020_Nov_13_1332_block_1_word_presentation_4.wav	skala vika slunga peta		1	2020/Nov/13/1332	11	4
11_sp13_replication_swe_2020_Nov_13_1332_block_1_word_presentation_5.wav	rista knacka slipa klicka		1	2020/Nov/13/1332	11	5
11_sp13_replication_swe_2020_Nov_13_1332_block_1_word_presentation_6.wav	marschera ränna stövla stega		1	2020/Nov/13/1332	11	6
11_sp13_replication_swe_2020_Nov_13_1332_block_1_word_presentation_7.wav	skynda linka svassa kila		1	2020/Nov/13/1332	11	7
11_sp13_replication_swe_2020_Nov_13_1332_block_1_word_presentation_8.wav	pilla bulta plocka klappa		1	2020/Nov/13/1332	11	8
11_sp13_replication_swe_2020_Nov_13_1332_block_1_word_presentation_9.wav	skrida vackla hoppa stiga		1	2020/Nov/13/1332	11	9
11_sp13_replication_swe_2020_Nov_13_1332_block_2_word_presentation_0.wav	svabba nypa fila borsta		2	2020/Nov/13/1332	11	0
11_sp13_replication_swe_2020_Nov_13_1332_block_2_word_presentation_1.wav	skala signera hissa plocka		2	2020/Nov/13/1332	11	1
11_sp13_replication_swe_2020_Nov_13_1332_block_2_word_presentation_10.wav	vandra stampa skejta ströva		2	2020/Nov/13/1332	11	10
11_sp13_replication_swe_2020_Nov_13_1332_block_2_word_presentation_11.wav	trampa traska skrida vanka		2	2020/Nov/13/1332	11	11
11_sp13_replication_swe_2020_Nov_13_1332_block_2_word_presentation_12.wav	jogga halka marschera rusa		2	2020/Nov/13/1332	11	12
11_sp13_replication_swe_2020_Nov_13_1332_block_2_word_presentation_13.wav	bulta skyffla klippa klösa		2	2020/Nov/13/1332	11	13
11_sp13_replication_swe_2020_Nov_13_1332_block_2_word_presentation_14.wav	tvätta peta riva rista		2	2020/Nov/13/1332	11	14
11_sp13_replication_swe_2020_Nov_13_1332_block_2_word_presentation_15.wav	löpa ränna riva resta		2	2020/Nov/13/1332	11	15
11_sp13_replication_swe_2020_Nov_13_1332_block_2_word_presentation_16.wav	fly tåga skrutta	det sista kan vara strutta	2	2020/Nov/13/1332	11	16
11_sp13_replication_swe_2020_Nov_13_1332_block_2_word_presentation_17.wav	gå knäa pinna linka		2	2020/Nov/13/1332	11	17
11_sp13_replication_swe_2020_Nov_13_1332_block_2_word_presentation_18.wav	greppa slunga pinna norpa		2	2020/Nov/13/1332	11	18
11_sp13_replication_swe_2020_Nov_13_1332_block_2_word_presentation_19.wav	klappa banka pilla putta		2	2020/Nov/13/1332	11	19
11_sp13_replication_swe_2020_Nov_13_1332_block_2_word_presentation_2.wav	promenera knalla hoppa cykla		2	2020/Nov/13/1332	11	2
11_sp13_replication_swe_2020_Nov_13_1332_block_2_word_presentation_20.wav	tassa lunka kliva halta		2	2020/Nov/13/1332	11	20
11_sp13_replication_swe_2020_Nov_13_1332_block_2_word_presentation_21.wav	springa stapla stövla tassa		2	2020/Nov/13/1332	11	21
11_sp13_replication_swe_2020_Nov_13_1332_block_2_word_presentation_22.wav	hacka sno knycka slipa		2	2020/Nov/13/1332	11	22
11_sp13_replication_swe_2020_Nov_13_1332_block_2_word_presentation_23.wav	knacka gnugga skura		2	2020/Nov/13/1332	11	23
11_sp13_replication_swe_2020_Nov_13_1332_block_2_word_presentation_24.wav	vada snava trippa vackla		2	2020/Nov/13/1332	11	24
11_sp13_replication_swe_2020_Nov_13_1332_block_2_word_presentation_25.wav	fläta kasta		2	2020/Nov/13/1332	11	25
11_sp13_replication_swe_2020_Nov_13_1332_block_2_word_presentation_3.wav	glida ragla stå stiga		2	2020/Nov/13/1332	11	3
11_sp13_replication_swe_2020_Nov_13_1332_block_2_word_presentation_4.wav	vika gripa slå torka		2	2020/Nov/13/1332	11	4
11_sp13_replication_swe_2020_Nov_13_1332_block_2_word_presentation_5.wav	repa nypa daska dunka		2	2020/Nov/13/1332	11	5
11_sp13_replication_swe_2020_Nov_13_1332_block_2_word_presentation_6.wav	ila snubbla skynda smyga		2	2020/Nov/13/1332	11	6
11_sp13_replication_swe_2020_Nov_13_1332_block_2_word_presentation_7.wav	linda grabba klicka vira		2	2020/Nov/13/1332	11	7
11_sp13_replication_swe_2020_Nov_13_1332_block_2_word_presentation_8.wav	svaja vackla flanera kila		2	2020/Nov/13/1332	11	8
11_sp13_replication_swe_2020_Nov_13_1332_block_2_word_presentation_9.wav	ösa snärta rota polera		2	2020/Nov/13/1332	11	9
11_sp13_replication_swe_2020_Nov_13_1332_block_3_word_presentation_0.wav	repa norpa borsta karva		3	2020/Nov/13/1332	11	0
11_sp13_replication_swe_2020_Nov_13_1332_block_3_word_presentation_1.wav	repa		3	2020/Nov/13/1332	11	1
11_sp13_replication_swe_2020_Nov_13_1332_block_3_word_presentation_10.wav	gripa dunka stövla		3	2020/Nov/13/1332	11	10
11_sp13_replication_swe_2020_Nov_13_1332_block_3_word_presentation_11.wav	knycka hissa tvätta slå		3	2020/Nov/13/1332	11	11
11_sp13_replication_swe_2020_Nov_13_1332_block_3_word_presentation_12.wav	linda nypa tvätta pilla		3	2020/Nov/13/1332	11	12
11_sp13_replication_swe_2020_Nov_13_1332_block_3_word_presentation_13.wav	traska nypa tvätta vackla		3	2020/Nov/13/1332	11	13
11_sp13_replication_swe_2020_Nov_13_1332_block_3_word_presentation_14.wav	kasta snubbla fläta skyffla		3	2020/Nov/13/1332	11	14
11_sp13_replication_swe_2020_Nov_13_1332_block_3_word_presentation_15.wav	vira gnugga torka rycka		3	2020/Nov/13/1332	11	15
11_sp13_replication_swe_2020_Nov_13_1332_block_3_word_presentation_16.wav	vada stå linka		3	2020/Nov/13/1332	11	16
11_sp13_replication_swe_2020_Nov_13_1332_block_3_word_presentation_17.wav	peta fila svabba snärta		3	2020/Nov/13/1332	11	17
11_sp13_replication_swe_2020_Nov_13_1332_block_3_word_presentation_18.wav	rota bulta fila ösa		3	2020/Nov/13/1332	11	18
11_sp13_replication_swe_2020_Nov_13_1332_block_3_word_presentation_19.wav	stappla glida stampa kila		3	2020/Nov/13/1332	11	19
11_sp13_replication_swe_2020_Nov_13_1332_block_3_word_presentation_2.wav	tassa halta cykla skejta		3	2020/Nov/13/1332	11	2
11_sp13_replication_swe_2020_Nov_13_1332_block_3_word_presentation_20.wav	promenera ila vanka kila		3	2020/Nov/13/1332	11	20
11_sp13_replication_swe_2020_Nov_13_1332_block_3_word_presentation_21.wav	sno greppa plocka kiva		3	2020/Nov/13/1332	11	21
11_sp13_replication_swe_2020_Nov_13_1332_block_3_word_presentation_22.wav	trampa jogga lunka rusa		3	2020/Nov/13/1332	11	22
11_sp13_replication_swe_2020_Nov_13_1332_block_3_word_presentation_23.wav	kliva tåga halka skynda		3	2020/Nov/13/1332	11	23
11_sp13_replication_swe_2020_Nov_13_1332_block_3_word_presentation_24.wav	smyga tåga knalla rusa		3	2020/Nov/13/1332	11	24
11_sp13_replication_swe_2020_Nov_13_1332_block_3_word_presentation_25.wav	polera rista klippa		3	2020/Nov/13/1332	11	25
11_sp13_replication_swe_2020_Nov_13_1332_block_3_word_presentation_3.wav	ragla flanera marschera löpa		3	2020/Nov/13/1332	11	3
11_sp13_replication_swe_2020_Nov_13_1332_block_3_word_presentation_4.wav	fly pinna vandra svassa		3	2020/Nov/13/1332	11	4
11_sp13_replication_swe_2020_Nov_13_1332_block_3_word_presentation_5.wav	skura signera vika daska		3	2020/Nov/13/1332	11	5
11_sp13_replication_swe_2020_Nov_13_1332_block_3_word_presentation_6.wav	skura snava ränna		3	2020/Nov/13/1332	11	6
11_sp13_replication_swe_2020_Nov_13_1332_block_3_word_presentation_7.wav	gå ströva sparka knäa		3	2020/Nov/13/1332	11	7
11_sp13_replication_swe_2020_Nov_13_1332_block_3_word_presentation_8.wav	klösa		3	2020/Nov/13/1332	11	8
11_sp13_replication_swe_2020_Nov_13_1332_block_3_word_presentation_9.wav	stövla springa svaja skutta		3	2020/Nov/13/1332	11	9
12_sp13_replication_swe_2020_Nov_13_1530_block_1_word_presentation_0.wav	torka snyta klösa		1	2020/Nov/13/1530	12	0
12_sp13_replication_swe_2020_Nov_13_1530_block_1_word_presentation_1.wav	torka klösa grubbla vika	lite osäker på det sista ordet	1	2020/Nov/13/1530	12	1
12_sp13_replication_swe_2020_Nov_13_1530_block_1_word_presentation_10.wav	slå repa fånga	jag är lite osäker på det sista ordet	1	2020/Nov/13/1530	12	10
12_sp13_replication_swe_2020_Nov_13_1530_block_1_word_presentation_11.wav	trampa lyssna gå	lite osäker på det andra ordet	1	2020/Nov/13/1530	12	11
12_sp13_replication_swe_2020_Nov_13_1530_block_1_word_presentation_12.wav	glida svinga		1	2020/Nov/13/1530	12	12
12_sp13_replication_swe_2020_Nov_13_1530_block_1_word_presentation_13.wav	pilla bulka gå	osäker på det andra ordet	1	2020/Nov/13/1530	12	13
12_sp13_replication_swe_2020_Nov_13_1530_block_1_word_presentation_14.wav	traska valka 		1	2020/Nov/13/1530	12	14
12_sp13_replication_swe_2020_Nov_13_1530_block_1_word_presentation_15.wav	piska	deltagaren säger något ohörbart efter ordet	1	2020/Nov/13/1530	12	15
12_sp13_replication_swe_2020_Nov_13_1530_block_1_word_presentation_16.wav	gripa slunga vara	osäker på det tredje ordet	1	2020/Nov/13/1530	12	16
12_sp13_replication_swe_2020_Nov_13_1530_block_1_word_presentation_17.wav	halka slunga		1	2020/Nov/13/1530	12	17
12_sp13_replication_swe_2020_Nov_13_1530_block_1_word_presentation_18.wav	skrida falla hoppa		1	2020/Nov/13/1530	12	18
12_sp13_replication_swe_2020_Nov_13_1530_block_1_word_presentation_19.wav	vaska risk	det andra ordet är oklart	1	2020/Nov/13/1530	12	19
12_sp13_replication_swe_2020_Nov_13_1530_block_1_word_presentation_2.wav	grubbla viska dyka		1	2020/Nov/13/1530	12	2
12_sp13_replication_swe_2020_Nov_13_1530_block_1_word_presentation_20.wav	smyga lunka 		1	2020/Nov/13/1530	12	20
12_sp13_replication_swe_2020_Nov_13_1530_block_1_word_presentation_21.wav	grabba traska hissa		1	2020/Nov/13/1530	12	21
12_sp13_replication_swe_2020_Nov_13_1530_block_1_word_presentation_22.wav	nypa svepa		1	2020/Nov/13/1530	12	22
12_sp13_replication_swe_2020_Nov_13_1530_block_1_word_presentation_23.wav	lunka svepa rys		1	2020/Nov/13/1530	12	23
12_sp13_replication_swe_2020_Nov_13_1530_block_1_word_presentation_24.wav	jogga knalla svepa		1	2020/Nov/13/1530	12	24
12_sp13_replication_swe_2020_Nov_13_1530_block_1_word_presentation_25.wav	repa klösa strev	osäker på det tredje ordet	1	2020/Nov/13/1530	12	25
12_sp13_replication_swe_2020_Nov_13_1530_block_1_word_presentation_3.wav	ila vada skrämma	osäker på det tredje ordet	1	2020/Nov/13/1530	12	3
12_sp13_replication_swe_2020_Nov_13_1530_block_1_word_presentation_4.wav	grubbla rodna viska		1	2020/Nov/13/1530	12	4
12_sp13_replication_swe_2020_Nov_13_1530_block_1_word_presentation_5.wav	stegra ränna stövla		1	2020/Nov/13/1530	12	5
12_sp13_replication_swe_2020_Nov_13_1530_block_1_word_presentation_6.wav	skövla rodna snitta	jag kan inte riktigt höra det tredje ordet	1	2020/Nov/13/1530	12	6
12_sp13_replication_swe_2020_Nov_13_1530_block_1_word_presentation_7.wav	gripa fallna regna		1	2020/Nov/13/1530	12	7
12_sp13_replication_swe_2020_Nov_13_1530_block_1_word_presentation_8.wav	piggna ränna 		1	2020/Nov/13/1530	12	8
12_sp13_replication_swe_2020_Nov_13_1530_block_1_word_presentation_9.wav	fallna vakna		1	2020/Nov/13/1530	12	9
12_sp13_replication_swe_2020_Nov_13_1530_block_2_word_presentation_0.wav	promenera halka rodna skutta		2	2020/Nov/13/1530	12	0
12_sp13_replication_swe_2020_Nov_13_1530_block_2_word_presentation_1.wav	trampa traska vakna		2	2020/Nov/13/1530	12	1
12_sp13_replication_swe_2020_Nov_13_1530_block_2_word_presentation_10.wav	svabba nypa fila		2	2020/Nov/13/1530	12	10
12_sp13_replication_swe_2020_Nov_13_1530_block_2_word_presentation_11.wav	tassa lunka kliva		2	2020/Nov/13/1530	12	11
12_sp13_replication_swe_2020_Nov_13_1530_block_2_word_presentation_12.wav	fly lunka stega		2	2020/Nov/13/1530	12	12
12_sp13_replication_swe_2020_Nov_13_1530_block_2_word_presentation_13.wav	rå glida	rå är jag osäker på och ett tredje ord har jag svårt att höra	2	2020/Nov/13/1530	12	13
12_sp13_replication_swe_2020_Nov_13_1530_block_2_word_presentation_14.wav	hacka sno klyfta	osäker på klyfta	2	2020/Nov/13/1530	12	14
12_sp13_replication_swe_2020_Nov_13_1530_block_2_word_presentation_15.wav	repa ryska danska	stämmer det här det verkar som att deltagaren hittar på ord	2	2020/Nov/13/1530	12	15
12_sp13_replication_swe_2020_Nov_13_1530_block_2_word_presentation_16.wav	knäa 	det kommer ett andra ord som jag inte hör	2	2020/Nov/13/1530	12	16
12_sp13_replication_swe_2020_Nov_13_1530_block_2_word_presentation_17.wav	vada		2	2020/Nov/13/1530	12	17
12_sp13_replication_swe_2020_Nov_13_1530_block_2_word_presentation_18.wav	vandra stampa skejta		2	2020/Nov/13/1530	12	18
12_sp13_replication_swe_2020_Nov_13_1530_block_2_word_presentation_19.wav	skala signera		2	2020/Nov/13/1530	12	19
12_sp13_replication_swe_2020_Nov_13_1530_block_2_word_presentation_2.wav	snara brå		2	2020/Nov/13/1530	12	2
12_sp13_replication_swe_2020_Nov_13_1530_block_2_word_presentation_20.wav	ränna skutta sparka		2	2020/Nov/13/1530	12	20
12_sp13_replication_swe_2020_Nov_13_1530_block_2_word_presentation_21.wav	vinna gripa skutta		2	2020/Nov/13/1530	12	21
12_sp13_replication_swe_2020_Nov_13_1530_block_2_word_presentation_22.wav	greppa slunga fånga		2	2020/Nov/13/1530	12	22
12_sp13_replication_swe_2020_Nov_13_1530_block_2_word_presentation_23.wav	slå gripa fånga flå		2	2020/Nov/13/1530	12	23
12_sp13_replication_swe_2020_Nov_13_1530_block_2_word_presentation_24.wav	hiva rista		2	2020/Nov/13/1530	12	24
12_sp13_replication_swe_2020_Nov_13_1530_block_2_word_presentation_25.wav	svaja flanera vackla kila		2	2020/Nov/13/1530	12	25
12_sp13_replication_swe_2020_Nov_13_1530_block_2_word_presentation_3.wav	fläta fiska karva tänka		2	2020/Nov/13/1530	12	3
12_sp13_replication_swe_2020_Nov_13_1530_block_2_word_presentation_4.wav	jogga halka marschera rusa		2	2020/Nov/13/1530	12	4
12_sp13_replication_swe_2020_Nov_13_1530_block_2_word_presentation_5.wav	jogga skrubbla		2	2020/Nov/13/1530	12	5
12_sp13_replication_swe_2020_Nov_13_1530_block_2_word_presentation_6.wav	lindra		2	2020/Nov/13/1530	12	6
12_sp13_replication_swe_2020_Nov_13_1530_block_2_word_presentation_7.wav	springa stappla struva sträva		2	2020/Nov/13/1530	12	7
12_sp13_replication_swe_2020_Nov_13_1530_block_2_word_presentation_8.wav	bulta skyffla klippa klyfta		2	2020/Nov/13/1530	12	8
12_sp13_replication_swe_2020_Nov_13_1530_block_2_word_presentation_9.wav	klappa blinka tanka	osäker på tanka	2	2020/Nov/13/1530	12	9
12_sp13_replication_swe_2020_Nov_13_1530_block_3_word_presentation_0.wav	ropa slunga knacka kröka		3	2020/Nov/13/1530	12	0
12_sp13_replication_swe_2020_Nov_13_1530_block_3_word_presentation_1.wav	grubbla grabba fånga		3	2020/Nov/13/1530	12	1
12_sp13_replication_swe_2020_Nov_13_1530_block_3_word_presentation_10.wav	gå ropa fånga nypa		3	2020/Nov/13/1530	12	10
12_sp13_replication_swe_2020_Nov_13_1530_block_3_word_presentation_11.wav	sträva fånga		3	2020/Nov/13/1530	12	11
12_sp13_replication_swe_2020_Nov_13_1530_block_3_word_presentation_12.wav	kliva stånga halka ta		3	2020/Nov/13/1530	12	12
12_sp13_replication_swe_2020_Nov_13_1530_block_3_word_presentation_13.wav	kliva kalla trava		3	2020/Nov/13/1530	12	13
12_sp13_replication_swe_2020_Nov_13_1530_block_3_word_presentation_14.wav	stappla glida sträva		3	2020/Nov/13/1530	12	14
12_sp13_replication_swe_2020_Nov_13_1530_block_3_word_presentation_15.wav	fly pinna vandra		3	2020/Nov/13/1530	12	15
12_sp13_replication_swe_2020_Nov_13_1530_block_3_word_presentation_16.wav	knycka vinna tvätta		3	2020/Nov/13/1530	12	16
12_sp13_replication_swe_2020_Nov_13_1530_block_3_word_presentation_17.wav	vinna rycka tvära		3	2020/Nov/13/1530	12	17
12_sp13_replication_swe_2020_Nov_13_1530_block_3_word_presentation_18.wav	promenera ila vanka trava		3	2020/Nov/13/1530	12	18
12_sp13_replication_swe_2020_Nov_13_1530_block_3_word_presentation_19.wav	vinka stövla sträva gnugga		3	2020/Nov/13/1530	12	19
12_sp13_replication_swe_2020_Nov_13_1530_block_3_word_presentation_2.wav	grubbla knacka gripa		3	2020/Nov/13/1530	12	2
12_sp13_replication_swe_2020_Nov_13_1530_block_3_word_presentation_20.wav	cykla sträva springa ila		3	2020/Nov/13/1530	12	20
12_sp13_replication_swe_2020_Nov_13_1530_block_3_word_presentation_21.wav	polera rista tävla		3	2020/Nov/13/1530	12	21
12_sp13_replication_swe_2020_Nov_13_1530_block_3_word_presentation_22.wav	flanera marschera repa		3	2020/Nov/13/1530	12	22
12_sp13_replication_swe_2020_Nov_13_1530_block_3_word_presentation_23.wav	viska signera flanera		3	2020/Nov/13/1530	12	23
12_sp13_replication_swe_2020_Nov_13_1530_block_3_word_presentation_24.wav	vingla flänga slänga		3	2020/Nov/13/1530	12	24
12_sp13_replication_swe_2020_Nov_13_1530_block_3_word_presentation_25.wav	skrubbla fläta		3	2020/Nov/13/1530	12	25
12_sp13_replication_swe_2020_Nov_13_1530_block_3_word_presentation_3.wav	vada fånga stå		3	2020/Nov/13/1530	12	3
12_sp13_replication_swe_2020_Nov_13_1530_block_3_word_presentation_4.wav	fånga slänga	det kommer ett till ord som jag inte kan höra	3	2020/Nov/13/1530	12	4
12_sp13_replication_swe_2020_Nov_13_1530_block_3_word_presentation_5.wav	sträva rodna		3	2020/Nov/13/1530	12	5
12_sp13_replication_swe_2020_Nov_13_1530_block_3_word_presentation_6.wav	grubbla slänga gå		3	2020/Nov/13/1530	12	6
12_sp13_replication_swe_2020_Nov_13_1530_block_3_word_presentation_7.wav	gripa rodna		3	2020/Nov/13/1530	12	7
12_sp13_replication_swe_2020_Nov_13_1530_block_3_word_presentation_8.wav	nypa rodna slå		3	2020/Nov/13/1530	12	8
12_sp13_replication_swe_2020_Nov_13_1530_block_3_word_presentation_9.wav	ropa slunga		3	2020/Nov/13/1530	12	9
13_sp13_replication_swe_2020_Nov_20_1331_block_1_word_presentation_0.wav	rota bulta ösa slipa		1	2020/Nov/20/1331	13	0
13_sp13_replication_swe_2020_Nov_20_1331_block_1_word_presentation_1.wav	stövla springa stapla		1	2020/Nov/20/1331	13	1
13_sp13_replication_swe_2020_Nov_20_1331_block_1_word_presentation_10.wav	sno greppa plocka hiva		1	2020/Nov/20/1331	13	10
13_sp13_replication_swe_2020_Nov_20_1331_block_1_word_presentation_11.wav	polera rispa skriva rista		1	2020/Nov/20/1331	13	11
13_sp13_replication_swe_2020_Nov_20_1331_block_1_word_presentation_12.wav	fly pinna svassa plassa	osäker på plassa	1	2020/Nov/20/1331	13	12
13_sp13_replication_swe_2020_Nov_20_1331_block_1_word_presentation_13.wav	klappa skala slunga klippa		1	2020/Nov/20/1331	13	13
13_sp13_replication_swe_2020_Nov_20_1331_block_1_word_presentation_14.wav		säger inget ord	1	2020/Nov/20/1331	13	14
13_sp13_replication_swe_2020_Nov_20_1331_block_1_word_presentation_15.wav	klappa skrubba fläta skruva		1	2020/Nov/20/1331	13	15
13_sp13_replication_swe_2020_Nov_20_1331_block_1_word_presentation_16.wav	radna flansera manschera löpa	det är vad hon säger	1	2020/Nov/20/1331	13	16
13_sp13_replication_swe_2020_Nov_20_1331_block_1_word_presentation_17.wav	klösa hacka fånga		1	2020/Nov/20/1331	13	17
13_sp13_replication_swe_2020_Nov_20_1331_block_1_word_presentation_18.wav	gå ströva sparka knäa		1	2020/Nov/20/1331	13	18
13_sp13_replication_swe_2020_Nov_20_1331_block_1_word_presentation_19.wav	smyga hoppa knalla springa		1	2020/Nov/20/1331	13	19
13_sp13_replication_swe_2020_Nov_20_1331_block_1_word_presentation_2.wav	vira gnugga torka rycka		1	2020/Nov/20/1331	13	2
13_sp13_replication_swe_2020_Nov_20_1331_block_1_word_presentation_20.wav	repa borsta noppra karva		1	2020/Nov/20/1331	13	20
13_sp13_replication_swe_2020_Nov_20_1331_block_1_word_presentation_21.wav	knycka hissa släppa slå		1	2020/Nov/20/1331	13	21
13_sp13_replication_swe_2020_Nov_20_1331_block_1_word_presentation_22.wav	tassa halta cykla skejta		1	2020/Nov/20/1331	13	22
13_sp13_replication_swe_2020_Nov_20_1331_block_1_word_presentation_23.wav	skura signera vika daska		1	2020/Nov/20/1331	13	23
13_sp13_replication_swe_2020_Nov_20_1331_block_1_word_presentation_24.wav	promenera vika vanka stiga	osäker på vika	1	2020/Nov/20/1331	13	24
13_sp13_replication_swe_2020_Nov_20_1331_block_1_word_presentation_25.wav	vada trippa stå linka		1	2020/Nov/20/1331	13	25
13_sp13_replication_swe_2020_Nov_20_1331_block_1_word_presentation_3.wav	traska snubbla vingla vackla		1	2020/Nov/20/1331	13	3
13_sp13_replication_swe_2020_Nov_20_1331_block_1_word_presentation_4.wav	kliva tåga halka skynda		1	2020/Nov/20/1331	13	4
13_sp13_replication_swe_2020_Nov_20_1331_block_1_word_presentation_5.wav	skava skutta snäva		1	2020/Nov/20/1331	13	5
13_sp13_replication_swe_2020_Nov_20_1331_block_1_word_presentation_6.wav	linda nypa pilla putta		1	2020/Nov/20/1331	13	6
13_sp13_replication_swe_2020_Nov_20_1331_block_1_word_presentation_7.wav	trampa lunka jogga		1	2020/Nov/20/1331	13	7
13_sp13_replication_swe_2020_Nov_20_1331_block_1_word_presentation_8.wav	gripa dunka grabba		1	2020/Nov/20/1331	13	8
13_sp13_replication_swe_2020_Nov_20_1331_block_1_word_presentation_9.wav	stapla glida stapla		1	2020/Nov/20/1331	13	9
13_sp13_replication_swe_2020_Nov_20_1331_block_2_word_presentation_0.wav	vingla knäa		2	2020/Nov/20/1331	13	0
13_sp13_replication_swe_2020_Nov_20_1331_block_2_word_presentation_1.wav	slå slo fånga repa		2	2020/Nov/20/1331	13	1
13_sp13_replication_swe_2020_Nov_20_1331_block_2_word_presentation_10.wav	rispa kasta visa		2	2020/Nov/20/1331	13	10
13_sp13_replication_swe_2020_Nov_20_1331_block_2_word_presentation_11.wav	strutta kliva stampa		2	2020/Nov/20/1331	13	11
13_sp13_replication_swe_2020_Nov_20_1331_block_2_word_presentation_12.wav	vandra flanera stapla		2	2020/Nov/20/1331	13	12
13_sp13_replication_swe_2020_Nov_20_1331_block_2_word_presentation_13.wav	polera gnugga dugga skrubba		2	2020/Nov/20/1331	13	13
13_sp13_replication_swe_2020_Nov_20_1331_block_2_word_presentation_14.wav	jogga stampa halta	hon mumlar lite tyst svårt att höra efter jogga	2	2020/Nov/20/1331	13	14
13_sp13_replication_swe_2020_Nov_20_1331_block_2_word_presentation_15.wav	störa läsa		2	2020/Nov/20/1331	13	15
13_sp13_replication_swe_2020_Nov_20_1331_block_2_word_presentation_16.wav	marschera stövla stega		2	2020/Nov/20/1331	13	16
13_sp13_replication_swe_2020_Nov_20_1331_block_2_word_presentation_17.wav	traska kliva stövla trampa		2	2020/Nov/20/1331	13	17
13_sp13_replication_swe_2020_Nov_20_1331_block_2_word_presentation_18.wav		började säga kliv men avbröt sig och sa nej	2	2020/Nov/20/1331	13	18
13_sp13_replication_swe_2020_Nov_20_1331_block_2_word_presentation_19.wav	putta daska rycka ösa		2	2020/Nov/20/1331	13	19
13_sp13_replication_swe_2020_Nov_20_1331_block_2_word_presentation_2.wav	skrida vackla hoppa slunga		2	2020/Nov/20/1331	13	2
13_sp13_replication_swe_2020_Nov_20_1331_block_2_word_presentation_20.wav	trampa lösa gå		2	2020/Nov/20/1331	13	20
13_sp13_replication_swe_2020_Nov_20_1331_block_2_word_presentation_21.wav	vila fila signera gripa		2	2020/Nov/20/1331	13	21
13_sp13_replication_swe_2020_Nov_20_1331_block_2_word_presentation_22.wav	skala vika slunga peta		2	2020/Nov/20/1331	13	22
13_sp13_replication_swe_2020_Nov_20_1331_block_2_word_presentation_23.wav	slunga vissa		2	2020/Nov/20/1331	13	23
13_sp13_replication_swe_2020_Nov_20_1331_block_2_word_presentation_24.wav	nypa borsta skarva hoppa		2	2020/Nov/20/1331	13	24
13_sp13_replication_swe_2020_Nov_20_1331_block_2_word_presentation_25.wav	skyffla tvätta norpa		2	2020/Nov/20/1331	13	25
13_sp13_replication_swe_2020_Nov_20_1331_block_2_word_presentation_3.wav	pilla bulta klappa blocka		2	2020/Nov/20/1331	13	3
13_sp13_replication_swe_2020_Nov_20_1331_block_2_word_presentation_4.wav	knabba packa hissa	osäker på knabba eftersom jag inte tror det är ett ord	2	2020/Nov/20/1331	13	4
13_sp13_replication_swe_2020_Nov_20_1331_block_2_word_presentation_5.wav	svaja ila stå vada		2	2020/Nov/20/1331	13	5
13_sp13_replication_swe_2020_Nov_20_1331_block_2_word_presentation_6.wav	skutta vassa promenera	låter som vassa	2	2020/Nov/20/1331	13	6
13_sp13_replication_swe_2020_Nov_20_1331_block_2_word_presentation_7.wav	halka fly skejta snava		2	2020/Nov/20/1331	13	7
13_sp13_replication_swe_2020_Nov_20_1331_block_2_word_presentation_8.wav	greppa skrubba sveda snabba		2	2020/Nov/20/1331	13	8
13_sp13_replication_swe_2020_Nov_20_1331_block_2_word_presentation_9.wav	banka piska hiva vaska		2	2020/Nov/20/1331	13	9
13_sp13_replication_swe_2020_Nov_20_1331_block_3_word_presentation_0.wav	glida ragla stå skrida		3	2020/Nov/20/1331	13	0
13_sp13_replication_swe_2020_Nov_20_1331_block_3_word_presentation_1.wav	fläta kasta piska karva		3	2020/Nov/20/1331	13	1
13_sp13_replication_swe_2020_Nov_20_1331_block_3_word_presentation_10.wav	klappa pilla banka putta		3	2020/Nov/20/1331	13	10
13_sp13_replication_swe_2020_Nov_20_1331_block_3_word_presentation_11.wav	knacka grubbla skrubba		3	2020/Nov/20/1331	13	11
13_sp13_replication_swe_2020_Nov_20_1331_block_3_word_presentation_12.wav	fly tåga stega skutta		3	2020/Nov/20/1331	13	12
13_sp13_replication_swe_2020_Nov_20_1331_block_3_word_presentation_13.wav	bulta skyffla		3	2020/Nov/20/1331	13	13
13_sp13_replication_swe_2020_Nov_20_1331_block_3_word_presentation_14.wav	svabba nypa fila borsta		3	2020/Nov/20/1331	13	14
13_sp13_replication_swe_2020_Nov_20_1331_block_3_word_presentation_15.wav	svaja vackla flanera vaja		3	2020/Nov/20/1331	13	15
13_sp13_replication_swe_2020_Nov_20_1331_block_3_word_presentation_16.wav	vika gripa slå		3	2020/Nov/20/1331	13	16
13_sp13_replication_swe_2020_Nov_20_1331_block_3_word_presentation_17.wav	hacka sno		3	2020/Nov/20/1331	13	17
13_sp13_replication_swe_2020_Nov_20_1331_block_3_word_presentation_18.wav	trampa traska svida raska		3	2020/Nov/20/1331	13	18
13_sp13_replication_swe_2020_Nov_20_1331_block_3_word_presentation_19.wav	jogga halta marschera		3	2020/Nov/20/1331	13	19
13_sp13_replication_swe_2020_Nov_20_1331_block_3_word_presentation_2.wav	skala signera hissa plocka		3	2020/Nov/20/1331	13	2
13_sp13_replication_swe_2020_Nov_20_1331_block_3_word_presentation_20.wav	gå knäa pinna linka		3	2020/Nov/20/1331	13	20
13_sp13_replication_swe_2020_Nov_20_1331_block_3_word_presentation_21.wav	greppa slunga fånga		3	2020/Nov/20/1331	13	21
13_sp13_replication_swe_2020_Nov_20_1331_block_3_word_presentation_22.wav	springa stavla stussa vassa	låter som stavla	3	2020/Nov/20/1331	13	22
13_sp13_replication_swe_2020_Nov_20_1331_block_3_word_presentation_23.wav	vandra stampa skejta ströva		3	2020/Nov/20/1331	13	23
13_sp13_replication_swe_2020_Nov_20_1331_block_3_word_presentation_24.wav	vabla vingla stilla svabba		3	2020/Nov/20/1331	13	24
13_sp13_replication_swe_2020_Nov_20_1331_block_3_word_presentation_25.wav	repa diska daska		3	2020/Nov/20/1331	13	25
13_sp13_replication_swe_2020_Nov_20_1331_block_3_word_presentation_3.wav	ila skynda snubbla		3	2020/Nov/20/1331	13	3
13_sp13_replication_swe_2020_Nov_20_1331_block_3_word_presentation_4.wav	löpa ränna skutta skrabba		3	2020/Nov/20/1331	13	4
13_sp13_replication_swe_2020_Nov_20_1331_block_3_word_presentation_5.wav	ösa		3	2020/Nov/20/1331	13	5
13_sp13_replication_swe_2020_Nov_20_1331_block_3_word_presentation_6.wav	linda grabba vira vika		3	2020/Nov/20/1331	13	6
13_sp13_replication_swe_2020_Nov_20_1331_block_3_word_presentation_7.wav	promenera halka cykla skejta		3	2020/Nov/20/1331	13	7
13_sp13_replication_swe_2020_Nov_20_1331_block_3_word_presentation_8.wav	tassa lunka kliva halka		3	2020/Nov/20/1331	13	8
13_sp13_replication_swe_2020_Nov_20_1331_block_3_word_presentation_9.wav	tvätta peta hiva rista		3	2020/Nov/20/1331	13	9
14_sp13_replication_swe_2020_Nov_20_1526_block_1_word_presentation_0.wav	svabba nypa fila borsta		1	2020/Nov/20/1526	14	0
14_sp13_replication_swe_2020_Nov_20_1526_block_1_word_presentation_1.wav	gå knäa pinna linka		1	2020/Nov/20/1526	14	1
14_sp13_replication_swe_2020_Nov_20_1526_block_1_word_presentation_10.wav	repa rycka daska		1	2020/Nov/20/1526	14	10
14_sp13_replication_swe_2020_Nov_20_1526_block_1_word_presentation_11.wav	tassa		1	2020/Nov/20/1526	14	11
14_sp13_replication_swe_2020_Nov_20_1526_block_1_word_presentation_12.wav	tvätta hiva peta rista		1	2020/Nov/20/1526	14	12
14_sp13_replication_swe_2020_Nov_20_1526_block_1_word_presentation_13.wav	svaja vackla plenera		1	2020/Nov/20/1526	14	13
14_sp13_replication_swe_2020_Nov_20_1526_block_1_word_presentation_14.wav	ösa rota polera		1	2020/Nov/20/1526	14	14
14_sp13_replication_swe_2020_Nov_20_1526_block_1_word_presentation_15.wav	knacka skrubba skura		1	2020/Nov/20/1526	14	15
14_sp13_replication_swe_2020_Nov_20_1526_block_1_word_presentation_16.wav	jogga halta marschera rusa		1	2020/Nov/20/1526	14	16
14_sp13_replication_swe_2020_Nov_20_1526_block_1_word_presentation_17.wav	fly tåga stega strutta		1	2020/Nov/20/1526	14	17
14_sp13_replication_swe_2020_Nov_20_1526_block_1_word_presentation_18.wav	greppa slunga norpa		1	2020/Nov/20/1526	14	18
14_sp13_replication_swe_2020_Nov_20_1526_block_1_word_presentation_19.wav	glida		1	2020/Nov/20/1526	14	19
14_sp13_replication_swe_2020_Nov_20_1526_block_1_word_presentation_2.wav	gå löpa ränna		1	2020/Nov/20/1526	14	2
14_sp13_replication_swe_2020_Nov_20_1526_block_1_word_presentation_20.wav	skala signera hissa plocka		1	2020/Nov/20/1526	14	20
14_sp13_replication_swe_2020_Nov_20_1526_block_1_word_presentation_21.wav	hacka sno krycka		1	2020/Nov/20/1526	14	21
14_sp13_replication_swe_2020_Nov_20_1526_block_1_word_presentation_22.wav	trava vingla trippa		1	2020/Nov/20/1526	14	22
14_sp13_replication_swe_2020_Nov_20_1526_block_1_word_presentation_23.wav	klappa pilla banka		1	2020/Nov/20/1526	14	23
14_sp13_replication_swe_2020_Nov_20_1526_block_1_word_presentation_24.wav	trampa traska skrida		1	2020/Nov/20/1526	14	24
14_sp13_replication_swe_2020_Nov_20_1526_block_1_word_presentation_25.wav	springa stappla stövla		1	2020/Nov/20/1526	14	25
14_sp13_replication_swe_2020_Nov_20_1526_block_1_word_presentation_3.wav	vika gripa slå torka		1	2020/Nov/20/1526	14	3
14_sp13_replication_swe_2020_Nov_20_1526_block_1_word_presentation_4.wav	linda greppa		1	2020/Nov/20/1526	14	4
14_sp13_replication_swe_2020_Nov_20_1526_block_1_word_presentation_5.wav	bulta skyffla		1	2020/Nov/20/1526	14	5
14_sp13_replication_swe_2020_Nov_20_1526_block_1_word_presentation_6.wav	ila skynda snubbla smyga		1	2020/Nov/20/1526	14	6
14_sp13_replication_swe_2020_Nov_20_1526_block_1_word_presentation_7.wav	fläta kasta piska		1	2020/Nov/20/1526	14	7
14_sp13_replication_swe_2020_Nov_20_1526_block_1_word_presentation_8.wav	vandra stampa strosa		1	2020/Nov/20/1526	14	8
14_sp13_replication_swe_2020_Nov_20_1526_block_1_word_presentation_9.wav	promenera knalla cykla hoppa		1	2020/Nov/20/1526	14	9
14_sp13_replication_swe_2020_Nov_20_1526_block_2_word_presentation_0.wav	ragla löpa marschera stappla		2	2020/Nov/20/1526	14	0
14_sp13_replication_swe_2020_Nov_20_1526_block_2_word_presentation_1.wav	trampa jogga lunka rusa		2	2020/Nov/20/1526	14	1
14_sp13_replication_swe_2020_Nov_20_1526_block_2_word_presentation_10.wav	kliva tåga halka skynda	låter lite som klyva men jag tror inte hon säger det	2	2020/Nov/20/1526	14	10
14_sp13_replication_swe_2020_Nov_20_1526_block_2_word_presentation_11.wav	klösa fånga		2	2020/Nov/20/1526	14	11
14_sp13_replication_swe_2020_Nov_20_1526_block_2_word_presentation_12.wav	gripa dunka		2	2020/Nov/20/1526	14	12
14_sp13_replication_swe_2020_Nov_20_1526_block_2_word_presentation_13.wav	strava strutta ränna	hon säger strava	2	2020/Nov/20/1526	14	13
14_sp13_replication_swe_2020_Nov_20_1526_block_2_word_presentation_14.wav	promenera vanka ila		2	2020/Nov/20/1526	14	14
14_sp13_replication_swe_2020_Nov_20_1526_block_2_word_presentation_15.wav	rota bulta ösa		2	2020/Nov/20/1526	14	15
14_sp13_replication_swe_2020_Nov_20_1526_block_2_word_presentation_16.wav	tassa skejta		2	2020/Nov/20/1526	14	16
14_sp13_replication_swe_2020_Nov_20_1526_block_2_word_presentation_17.wav	tassa halta		2	2020/Nov/20/1526	14	17
14_sp13_replication_swe_2020_Nov_20_1526_block_2_word_presentation_18.wav	gå ströva knäa		2	2020/Nov/20/1526	14	18
14_sp13_replication_swe_2020_Nov_20_1526_block_2_word_presentation_19.wav	stylta		2	2020/Nov/20/1526	14	19
14_sp13_replication_swe_2020_Nov_20_1526_block_2_word_presentation_2.wav	fly svassa		2	2020/Nov/20/1526	14	2
14_sp13_replication_swe_2020_Nov_20_1526_block_2_word_presentation_20.wav	hissa		2	2020/Nov/20/1526	14	20
14_sp13_replication_swe_2020_Nov_20_1526_block_2_word_presentation_21.wav	smyga hoppa knalla		2	2020/Nov/20/1526	14	21
14_sp13_replication_swe_2020_Nov_20_1526_block_2_word_presentation_22.wav	vada hoppa stå linka		2	2020/Nov/20/1526	14	22
14_sp13_replication_swe_2020_Nov_20_1526_block_2_word_presentation_23.wav	linda nypa slå putta		2	2020/Nov/20/1526	14	23
14_sp13_replication_swe_2020_Nov_20_1526_block_2_word_presentation_24.wav	klappa skala slunga klippa		2	2020/Nov/20/1526	14	24
14_sp13_replication_swe_2020_Nov_20_1526_block_2_word_presentation_25.wav	skura signera vika daska		2	2020/Nov/20/1526	14	25
14_sp13_replication_swe_2020_Nov_20_1526_block_2_word_presentation_3.wav	peta		2	2020/Nov/20/1526	14	3
14_sp13_replication_swe_2020_Nov_20_1526_block_2_word_presentation_4.wav	sno greppa hiva		2	2020/Nov/20/1526	14	4
14_sp13_replication_swe_2020_Nov_20_1526_block_2_word_presentation_5.wav	stövla		2	2020/Nov/20/1526	14	5
14_sp13_replication_swe_2020_Nov_20_1526_block_2_word_presentation_6.wav	traska		2	2020/Nov/20/1526	14	6
14_sp13_replication_swe_2020_Nov_20_1526_block_2_word_presentation_7.wav	vira torka		2	2020/Nov/20/1526	14	7
14_sp13_replication_swe_2020_Nov_20_1526_block_2_word_presentation_8.wav		hon säger inget	2	2020/Nov/20/1526	14	8
14_sp13_replication_swe_2020_Nov_20_1526_block_2_word_presentation_9.wav	polera rispa rista		2	2020/Nov/20/1526	14	9
14_sp13_replication_swe_2020_Nov_20_1526_block_3_word_presentation_0.wav	banka piska hiva		3	2020/Nov/20/1526	14	0
14_sp13_replication_swe_2020_Nov_20_1526_block_3_word_presentation_1.wav	vandra flanera		3	2020/Nov/20/1526	14	1
14_sp13_replication_swe_2020_Nov_20_1526_block_3_word_presentation_10.wav	skutta smyga		3	2020/Nov/20/1526	14	10
14_sp13_replication_swe_2020_Nov_20_1526_block_3_word_presentation_11.wav	springa tåga snubbla riva		3	2020/Nov/20/1526	14	11
14_sp13_replication_swe_2020_Nov_20_1526_block_3_word_presentation_12.wav	vila signera		3	2020/Nov/20/1526	14	12
14_sp13_replication_swe_2020_Nov_20_1526_block_3_word_presentation_13.wav	trampa löpa rusa gå		3	2020/Nov/20/1526	14	13
14_sp13_replication_swe_2020_Nov_20_1526_block_3_word_presentation_14.wav	polera skrubba		3	2020/Nov/20/1526	14	14
14_sp13_replication_swe_2020_Nov_20_1526_block_3_word_presentation_15.wav	skala vika		3	2020/Nov/20/1526	14	15
14_sp13_replication_swe_2020_Nov_20_1526_block_3_word_presentation_16.wav	jogga halta		3	2020/Nov/20/1526	14	16
14_sp13_replication_swe_2020_Nov_20_1526_block_3_word_presentation_17.wav	pilla bulta plocka		3	2020/Nov/20/1526	14	17
14_sp13_replication_swe_2020_Nov_20_1526_block_3_word_presentation_18.wav	slå sno repa fånga		3	2020/Nov/20/1526	14	18
14_sp13_replication_swe_2020_Nov_20_1526_block_3_word_presentation_19.wav	svaja ila stå		3	2020/Nov/20/1526	14	19
14_sp13_replication_swe_2020_Nov_20_1526_block_3_word_presentation_2.wav	nypa borsta svabbla		3	2020/Nov/20/1526	14	2
14_sp13_replication_swe_2020_Nov_20_1526_block_3_word_presentation_20.wav	skynda		3	2020/Nov/20/1526	14	20
14_sp13_replication_swe_2020_Nov_20_1526_block_3_word_presentation_21.wav	putta daska ösa		3	2020/Nov/20/1526	14	21
14_sp13_replication_swe_2020_Nov_20_1526_block_3_word_presentation_22.wav	halta fly skejta snava		3	2020/Nov/20/1526	14	22
14_sp13_replication_swe_2020_Nov_20_1526_block_3_word_presentation_23.wav	rista		3	2020/Nov/20/1526	14	23
14_sp13_replication_swe_2020_Nov_20_1526_block_3_word_presentation_24.wav	marschera ränna stega		3	2020/Nov/20/1526	14	24
14_sp13_replication_swe_2020_Nov_20_1526_block_3_word_presentation_25.wav	stega hoppa		3	2020/Nov/20/1526	14	25
14_sp13_replication_swe_2020_Nov_20_1526_block_3_word_presentation_3.wav	tussa skratta promenera		3	2020/Nov/20/1526	14	3
14_sp13_replication_swe_2020_Nov_20_1526_block_3_word_presentation_4.wav	skyffla norpa		3	2020/Nov/20/1526	14	4
14_sp13_replication_swe_2020_Nov_20_1526_block_3_word_presentation_5.wav	vingla knäa ragla cykla		3	2020/Nov/20/1526	14	5
14_sp13_replication_swe_2020_Nov_20_1526_block_3_word_presentation_6.wav	torka		3	2020/Nov/20/1526	14	6
14_sp13_replication_swe_2020_Nov_20_1526_block_3_word_presentation_7.wav	gnabba hissa rota		3	2020/Nov/20/1526	14	7
14_sp13_replication_swe_2020_Nov_20_1526_block_3_word_presentation_8.wav	ströva		3	2020/Nov/20/1526	14	8
14_sp13_replication_swe_2020_Nov_20_1526_block_3_word_presentation_9.wav	greppa skura		3	2020/Nov/20/1526	14	9
15_sp13_replication_swe_2020_Nov_25_1534_block_1_word_presentation_0.wav	promenera knalla cykla		1	2020/Nov/25/1534	15	0
15_sp13_replication_swe_2020_Nov_25_1534_block_1_word_presentation_1.wav	svaja vackla		1	2020/Nov/25/1534	15	1
15_sp13_replication_swe_2020_Nov_25_1534_block_1_word_presentation_10.wav	marschera		1	2020/Nov/25/1534	15	10
15_sp13_replication_swe_2020_Nov_25_1534_block_1_word_presentation_11.wav	vada trippa vingla snava		1	2020/Nov/25/1534	15	11
15_sp13_replication_swe_2020_Nov_25_1534_block_1_word_presentation_12.wav	ösa snärta	det låter som att hon påbörjar ett ord till men det är svårt att höra	1	2020/Nov/25/1534	15	12
15_sp13_replication_swe_2020_Nov_25_1534_block_1_word_presentation_13.wav	trampa sniva	det låter som sniva men jag är inte säker	1	2020/Nov/25/1534	15	13
15_sp13_replication_swe_2020_Nov_25_1534_block_1_word_presentation_14.wav	banka putta		1	2020/Nov/25/1534	15	14
15_sp13_replication_swe_2020_Nov_25_1534_block_1_word_presentation_15.wav	svabba fila nypa borsta		1	2020/Nov/25/1534	15	15
15_sp13_replication_swe_2020_Nov_25_1534_block_1_word_presentation_16.wav	signera hyvla		1	2020/Nov/25/1534	15	16
15_sp13_replication_swe_2020_Nov_25_1534_block_1_word_presentation_17.wav	fly stega		1	2020/Nov/25/1534	15	17
15_sp13_replication_swe_2020_Nov_25_1534_block_1_word_presentation_18.wav	ragla stå		1	2020/Nov/25/1534	15	18
15_sp13_replication_swe_2020_Nov_25_1534_block_1_word_presentation_19.wav	lämna skutta skratta	ordet före lämna kan jag inte höra	1	2020/Nov/25/1534	15	19
15_sp13_replication_swe_2020_Nov_25_1534_block_1_word_presentation_2.wav	repa riska dunsta		1	2020/Nov/25/1534	15	2
15_sp13_replication_swe_2020_Nov_25_1534_block_1_word_presentation_20.wav	slunga		1	2020/Nov/25/1534	15	20
15_sp13_replication_swe_2020_Nov_25_1534_block_1_word_presentation_21.wav	svassla	mycket svårt att höra vad hon säger	1	2020/Nov/25/1534	15	21
15_sp13_replication_swe_2020_Nov_25_1534_block_1_word_presentation_22.wav	lunka kivla	inte kila med tje-ljud	1	2020/Nov/25/1534	15	22
15_sp13_replication_swe_2020_Nov_25_1534_block_1_word_presentation_23.wav	linda kvackla		1	2020/Nov/25/1534	15	23
15_sp13_replication_swe_2020_Nov_25_1534_block_1_word_presentation_24.wav	gripa torka		1	2020/Nov/25/1534	15	24
15_sp13_replication_swe_2020_Nov_25_1534_block_1_word_presentation_25.wav	fläta torka		1	2020/Nov/25/1534	15	25
15_sp13_replication_swe_2020_Nov_25_1534_block_1_word_presentation_3.wav	bulta skyffla klippa klösa		1	2020/Nov/25/1534	15	3
15_sp13_replication_swe_2020_Nov_25_1534_block_1_word_presentation_4.wav	gå knäa plinka	inte linka	1	2020/Nov/25/1534	15	4
15_sp13_replication_swe_2020_Nov_25_1534_block_1_word_presentation_5.wav	vandra trampa skejta snöa		1	2020/Nov/25/1534	15	5
15_sp13_replication_swe_2020_Nov_25_1534_block_1_word_presentation_6.wav	tvätta peta hiva rista		1	2020/Nov/25/1534	15	6
15_sp13_replication_swe_2020_Nov_25_1534_block_1_word_presentation_7.wav	knacka grubba skruva		1	2020/Nov/25/1534	15	7
15_sp13_replication_swe_2020_Nov_25_1534_block_1_word_presentation_8.wav	ila snubbla		1	2020/Nov/25/1534	15	8
15_sp13_replication_swe_2020_Nov_25_1534_block_1_word_presentation_9.wav	klicka slipa		1	2020/Nov/25/1534	15	9
15_sp13_replication_swe_2020_Nov_25_1534_block_2_word_presentation_0.wav	stappla glida stampa		2	2020/Nov/25/1534	15	0
15_sp13_replication_swe_2020_Nov_25_1534_block_2_word_presentation_1.wav	smyga hoppa glida skrida		2	2020/Nov/25/1534	15	1
15_sp13_replication_swe_2020_Nov_25_1534_block_2_word_presentation_10.wav	gå ströva knäa		2	2020/Nov/25/1534	15	10
15_sp13_replication_swe_2020_Nov_25_1534_block_2_word_presentation_11.wav	norpa		2	2020/Nov/25/1534	15	11
15_sp13_replication_swe_2020_Nov_25_1534_block_2_word_presentation_12.wav	snava skutta stega rätta		2	2020/Nov/25/1534	15	12
15_sp13_replication_swe_2020_Nov_25_1534_block_2_word_presentation_13.wav	fila rätta		2	2020/Nov/25/1534	15	13
15_sp13_replication_swe_2020_Nov_25_1534_block_2_word_presentation_14.wav	slunga kliva		2	2020/Nov/25/1534	15	14
15_sp13_replication_swe_2020_Nov_25_1534_block_2_word_presentation_15.wav	skejta cykla		2	2020/Nov/25/1534	15	15
15_sp13_replication_swe_2020_Nov_25_1534_block_2_word_presentation_16.wav	ösa slipa		2	2020/Nov/25/1534	15	16
15_sp13_replication_swe_2020_Nov_25_1534_block_2_word_presentation_17.wav	fly		2	2020/Nov/25/1534	15	17
15_sp13_replication_swe_2020_Nov_25_1534_block_2_word_presentation_18.wav	sno greppa plocka hiva		2	2020/Nov/25/1534	15	18
15_sp13_replication_swe_2020_Nov_25_1534_block_2_word_presentation_19.wav	stövla hissa		2	2020/Nov/25/1534	15	19
15_sp13_replication_swe_2020_Nov_25_1534_block_2_word_presentation_2.wav	knycka tvätta slå		2	2020/Nov/25/1534	15	2
15_sp13_replication_swe_2020_Nov_25_1534_block_2_word_presentation_20.wav	vira gnugga torka rycka	svårt att höra om det är rycka	2	2020/Nov/25/1534	15	20
15_sp13_replication_swe_2020_Nov_25_1534_block_2_word_presentation_21.wav	raggla flanera marschera		2	2020/Nov/25/1534	15	21
15_sp13_replication_swe_2020_Nov_25_1534_block_2_word_presentation_22.wav	linda nypa pilla putta		2	2020/Nov/25/1534	15	22
15_sp13_replication_swe_2020_Nov_25_1534_block_2_word_presentation_23.wav	gripa dunka		2	2020/Nov/25/1534	15	23
15_sp13_replication_swe_2020_Nov_25_1534_block_2_word_presentation_24.wav	vada trippa linka		2	2020/Nov/25/1534	15	24
15_sp13_replication_swe_2020_Nov_25_1534_block_2_word_presentation_25.wav	skrura signera dunka		2	2020/Nov/25/1534	15	25
15_sp13_replication_swe_2020_Nov_25_1534_block_2_word_presentation_3.wav	skrubba fläta		2	2020/Nov/25/1534	15	3
15_sp13_replication_swe_2020_Nov_25_1534_block_2_word_presentation_4.wav	traska snubbla vingla		2	2020/Nov/25/1534	15	4
15_sp13_replication_swe_2020_Nov_25_1534_block_2_word_presentation_5.wav	polera rista piska tvätta		2	2020/Nov/25/1534	15	5
15_sp13_replication_swe_2020_Nov_25_1534_block_2_word_presentation_6.wav	promenera ila stiga		2	2020/Nov/25/1534	15	6
15_sp13_replication_swe_2020_Nov_25_1534_block_2_word_presentation_7.wav	tåga		2	2020/Nov/25/1534	15	7
15_sp13_replication_swe_2020_Nov_25_1534_block_2_word_presentation_8.wav	trampa tåga		2	2020/Nov/25/1534	15	8
15_sp13_replication_swe_2020_Nov_25_1534_block_2_word_presentation_9.wav	klösa fånga hacka		2	2020/Nov/25/1534	15	9
15_sp13_replication_swe_2020_Nov_25_1534_block_3_word_presentation_0.wav	smyga trippa lunka		3	2020/Nov/25/1534	15	0
15_sp13_replication_swe_2020_Nov_25_1534_block_3_word_presentation_1.wav	pilla bulta plocka		3	2020/Nov/25/1534	15	1
15_sp13_replication_swe_2020_Nov_25_1534_block_3_word_presentation_10.wav	vira fira signera gripa		3	2020/Nov/25/1534	15	10
15_sp13_replication_swe_2020_Nov_25_1534_block_3_word_presentation_11.wav	vira knycka skrubba kliva	osäker på kliva	3	2020/Nov/25/1534	15	11
15_sp13_replication_swe_2020_Nov_25_1534_block_3_word_presentation_12.wav	marschera stövla		3	2020/Nov/25/1534	15	12
15_sp13_replication_swe_2020_Nov_25_1534_block_3_word_presentation_13.wav	jogga knalla stampa halta		3	2020/Nov/25/1534	15	13
15_sp13_replication_swe_2020_Nov_25_1534_block_3_word_presentation_14.wav	svaja ila stå vada		3	2020/Nov/25/1534	15	14
15_sp13_replication_swe_2020_Nov_25_1534_block_3_word_presentation_15.wav	rista klicka		3	2020/Nov/25/1534	15	15
15_sp13_replication_swe_2020_Nov_25_1534_block_3_word_presentation_16.wav	putta rycka ösa		3	2020/Nov/25/1534	15	16
15_sp13_replication_swe_2020_Nov_25_1534_block_3_word_presentation_17.wav	halka fly skejta snava		3	2020/Nov/25/1534	15	17
15_sp13_replication_swe_2020_Nov_25_1534_block_3_word_presentation_18.wav	skynda linka svassa kila		3	2020/Nov/25/1534	15	18
15_sp13_replication_swe_2020_Nov_25_1534_block_3_word_presentation_19.wav	slå sno repa fånga		3	2020/Nov/25/1534	15	19
15_sp13_replication_swe_2020_Nov_25_1534_block_3_word_presentation_2.wav	vandra flanera stappla vakna		3	2020/Nov/25/1534	15	2
15_sp13_replication_swe_2020_Nov_25_1534_block_3_word_presentation_20.wav	skala vika slunga peta		3	2020/Nov/25/1534	15	20
15_sp13_replication_swe_2020_Nov_25_1534_block_3_word_presentation_21.wav	skrida vackla hoppa stiga		3	2020/Nov/25/1534	15	21
15_sp13_replication_swe_2020_Nov_25_1534_block_3_word_presentation_22.wav	torka fläta snärta klösa		3	2020/Nov/25/1534	15	22
15_sp13_replication_swe_2020_Nov_25_1534_block_3_word_presentation_23.wav	traska pinna kliva ströva		3	2020/Nov/25/1534	15	23
15_sp13_replication_swe_2020_Nov_25_1534_block_3_word_presentation_24.wav	nypa karva svabba		3	2020/Nov/25/1534	15	24
15_sp13_replication_swe_2020_Nov_25_1534_block_3_word_presentation_25.wav	polera gnugga skrubba		3	2020/Nov/25/1534	15	25
15_sp13_replication_swe_2020_Nov_25_1534_block_3_word_presentation_3.wav	trampa lösa gå		3	2020/Nov/25/1534	15	3
15_sp13_replication_swe_2020_Nov_25_1534_block_3_word_presentation_4.wav	grabba knacka hissa rota		3	2020/Nov/25/1534	15	4
15_sp13_replication_swe_2020_Nov_25_1534_block_3_word_presentation_5.wav	skyffla		3	2020/Nov/25/1534	15	5
15_sp13_replication_swe_2020_Nov_25_1534_block_3_word_presentation_6.wav	vingla knäa rangla cykla		3	2020/Nov/25/1534	15	6
15_sp13_replication_swe_2020_Nov_25_1534_block_3_word_presentation_7.wav	banka hiva piska		3	2020/Nov/25/1534	15	7
15_sp13_replication_swe_2020_Nov_25_1534_block_3_word_presentation_8.wav	skutta promenera		3	2020/Nov/25/1534	15	8
15_sp13_replication_swe_2020_Nov_25_1534_block_3_word_presentation_9.wav	snubbla springa glida		3	2020/Nov/25/1534	15	9
16_sp13_replication_swe_2020_Nov_27_0830_block_1_word_presentation_0.wav	glida ragla stå		1	2020/Nov/27/0830	16	0
16_sp13_replication_swe_2020_Nov_27_0830_block_1_word_presentation_1.wav	linda grabba vika stå		1	2020/Nov/27/0830	16	1
16_sp13_replication_swe_2020_Nov_27_0830_block_1_word_presentation_10.wav	fila snubbla smyga		1	2020/Nov/27/0830	16	10
16_sp13_replication_swe_2020_Nov_27_0830_block_1_word_presentation_11.wav	greppa snubbla fånga		1	2020/Nov/27/0830	16	11
16_sp13_replication_swe_2020_Nov_27_0830_block_1_word_presentation_12.wav	tvätta hiva peta		1	2020/Nov/27/0830	16	12
16_sp13_replication_swe_2020_Nov_27_0830_block_1_word_presentation_13.wav	klappa pilla banka		1	2020/Nov/27/0830	16	13
16_sp13_replication_swe_2020_Nov_27_0830_block_1_word_presentation_14.wav	löpa ränna skutta banka		1	2020/Nov/27/0830	16	14
16_sp13_replication_swe_2020_Nov_27_0830_block_1_word_presentation_15.wav	tassa lunka		1	2020/Nov/27/0830	16	15
16_sp13_replication_swe_2020_Nov_27_0830_block_1_word_presentation_16.wav	trampa		1	2020/Nov/27/0830	16	16
16_sp13_replication_swe_2020_Nov_27_0830_block_1_word_presentation_17.wav	knacka skrubba skura		1	2020/Nov/27/0830	16	17
16_sp13_replication_swe_2020_Nov_27_0830_block_1_word_presentation_18.wav	fly tåga streta skutta		1	2020/Nov/27/0830	16	18
16_sp13_replication_swe_2020_Nov_27_0830_block_1_word_presentation_19.wav	hacka sno slipa		1	2020/Nov/27/0830	16	19
16_sp13_replication_swe_2020_Nov_27_0830_block_1_word_presentation_2.wav	bulta skyffla klösa		1	2020/Nov/27/0830	16	2
16_sp13_replication_swe_2020_Nov_27_0830_block_1_word_presentation_20.wav	svaja sno flanera		1	2020/Nov/27/0830	16	20
16_sp13_replication_swe_2020_Nov_27_0830_block_1_word_presentation_21.wav	svabba sno slipa		1	2020/Nov/27/0830	16	21
16_sp13_replication_swe_2020_Nov_27_0830_block_1_word_presentation_22.wav	promenera		1	2020/Nov/27/0830	16	22
16_sp13_replication_swe_2020_Nov_27_0830_block_1_word_presentation_23.wav	fläta kasta		1	2020/Nov/27/0830	16	23
16_sp13_replication_swe_2020_Nov_27_0830_block_1_word_presentation_24.wav	jogga halta marschera		1	2020/Nov/27/0830	16	24
16_sp13_replication_swe_2020_Nov_27_0830_block_1_word_presentation_25.wav	vika gripa slå		1	2020/Nov/27/0830	16	25
16_sp13_replication_swe_2020_Nov_27_0830_block_1_word_presentation_3.wav	repa dunka daska		1	2020/Nov/27/0830	16	3
16_sp13_replication_swe_2020_Nov_27_0830_block_1_word_presentation_4.wav	springa stappla stussa		1	2020/Nov/27/0830	16	4
16_sp13_replication_swe_2020_Nov_27_0830_block_1_word_presentation_5.wav	vada trippa snubbla snava		1	2020/Nov/27/0830	16	5
16_sp13_replication_swe_2020_Nov_27_0830_block_1_word_presentation_6.wav	gå knäa pinna linka		1	2020/Nov/27/0830	16	6
16_sp13_replication_swe_2020_Nov_27_0830_block_1_word_presentation_7.wav	skala hissa signera		1	2020/Nov/27/0830	16	7
16_sp13_replication_swe_2020_Nov_27_0830_block_1_word_presentation_8.wav	ösa snärta rota polera		1	2020/Nov/27/0830	16	8
16_sp13_replication_swe_2020_Nov_27_0830_block_1_word_presentation_9.wav	vandra stampa streta skejta		1	2020/Nov/27/0830	16	9
16_sp13_replication_swe_2020_Nov_27_0830_block_2_word_presentation_0.wav	skura signera daska		2	2020/Nov/27/0830	16	0
16_sp13_replication_swe_2020_Nov_27_0830_block_2_word_presentation_1.wav	vada trippa linka		2	2020/Nov/27/0830	16	1
16_sp13_replication_swe_2020_Nov_27_0830_block_2_word_presentation_10.wav	vira gnugga torka		2	2020/Nov/27/0830	16	10
16_sp13_replication_swe_2020_Nov_27_0830_block_2_word_presentation_11.wav	trampa jogga lunka		2	2020/Nov/27/0830	16	11
16_sp13_replication_swe_2020_Nov_27_0830_block_2_word_presentation_12.wav	snava strutta stega		2	2020/Nov/27/0830	16	12
16_sp13_replication_swe_2020_Nov_27_0830_block_2_word_presentation_13.wav	traska snubbla stega		2	2020/Nov/27/0830	16	13
16_sp13_replication_swe_2020_Nov_27_0830_block_2_word_presentation_14.wav	polera rista		2	2020/Nov/27/0830	16	14
16_sp13_replication_swe_2020_Nov_27_0830_block_2_word_presentation_15.wav	rota bulta ösa		2	2020/Nov/27/0830	16	15
16_sp13_replication_swe_2020_Nov_27_0830_block_2_word_presentation_16.wav	klösa hacka fånga		2	2020/Nov/27/0830	16	16
16_sp13_replication_swe_2020_Nov_27_0830_block_2_word_presentation_17.wav	tassa halta cykla	låter som tassa men är lite osäker	2	2020/Nov/27/0830	16	17
16_sp13_replication_swe_2020_Nov_27_0830_block_2_word_presentation_18.wav	tassa halta slunga	låter som tassa	2	2020/Nov/27/0830	16	18
16_sp13_replication_swe_2020_Nov_27_0830_block_2_word_presentation_19.wav	linda nypa pilla		2	2020/Nov/27/0830	16	19
16_sp13_replication_swe_2020_Nov_27_0830_block_2_word_presentation_2.wav	klyva tåga		2	2020/Nov/27/0830	16	2
16_sp13_replication_swe_2020_Nov_27_0830_block_2_word_presentation_20.wav	ragla flanera marschera		2	2020/Nov/27/0830	16	20
16_sp13_replication_swe_2020_Nov_27_0830_block_2_word_presentation_21.wav	smyga hoppa		2	2020/Nov/27/0830	16	21
16_sp13_replication_swe_2020_Nov_27_0830_block_2_word_presentation_22.wav	glida	låter som glida men andra ord stör	2	2020/Nov/27/0830	16	22
16_sp13_replication_swe_2020_Nov_27_0830_block_2_word_presentation_23.wav	knycka hissa		2	2020/Nov/27/0830	16	23
16_sp13_replication_swe_2020_Nov_27_0830_block_2_word_presentation_24.wav	sno greppa hiva		2	2020/Nov/27/0830	16	24
16_sp13_replication_swe_2020_Nov_27_0830_block_2_word_presentation_25.wav	stövla springa svaja		2	2020/Nov/27/0830	16	25
16_sp13_replication_swe_2020_Nov_27_0830_block_2_word_presentation_3.wav	gripa dunka ranta	osäker på ranta nästan ohörbart	2	2020/Nov/27/0830	16	3
16_sp13_replication_swe_2020_Nov_27_0830_block_2_word_presentation_4.wav	kasta fläta		2	2020/Nov/27/0830	16	4
16_sp13_replication_swe_2020_Nov_27_0830_block_2_word_presentation_5.wav	gå ströva löpa		2	2020/Nov/27/0830	16	5
16_sp13_replication_swe_2020_Nov_27_0830_block_2_word_presentation_6.wav	promenera ila vanka		2	2020/Nov/27/0830	16	6
16_sp13_replication_swe_2020_Nov_27_0830_block_2_word_presentation_7.wav	peta svabba fila		2	2020/Nov/27/0830	16	7
16_sp13_replication_swe_2020_Nov_27_0830_block_2_word_presentation_8.wav	repa norpa borsta		2	2020/Nov/27/0830	16	8
16_sp13_replication_swe_2020_Nov_27_0830_block_2_word_presentation_9.wav	fly pinna vandra		2	2020/Nov/27/0830	16	9
16_sp13_replication_swe_2020_Nov_27_0830_block_3_word_presentation_0.wav	jogga springa	säger nej som om han ångrar sig efter springa	3	2020/Nov/27/0830	16	0
16_sp13_replication_swe_2020_Nov_27_0830_block_3_word_presentation_1.wav	skala vika slunga peta		3	2020/Nov/27/0830	16	1
16_sp13_replication_swe_2020_Nov_27_0830_block_3_word_presentation_10.wav	torka fläta snärta klösa		3	2020/Nov/27/0830	16	10
16_sp13_replication_swe_2020_Nov_27_0830_block_3_word_presentation_11.wav	greppa snurra		3	2020/Nov/27/0830	16	11
16_sp13_replication_swe_2020_Nov_27_0830_block_3_word_presentation_12.wav	vira fila signera gripa		3	2020/Nov/27/0830	16	12
16_sp13_replication_swe_2020_Nov_27_0830_block_3_word_presentation_13.wav	skutta trussa promenera sparka	osäker på trussa men det sägs så snabbt att det är svårt att höra	3	2020/Nov/27/0830	16	13
16_sp13_replication_swe_2020_Nov_27_0830_block_3_word_presentation_14.wav	grabba hissa sparka		3	2020/Nov/27/0830	16	14
16_sp13_replication_swe_2020_Nov_27_0830_block_3_word_presentation_15.wav		inget ord koms ihåg	3	2020/Nov/27/0830	16	15
16_sp13_replication_swe_2020_Nov_27_0830_block_3_word_presentation_16.wav	sprida vackla hoppa stiga	sprida sägs snabbt svårt att vara säker	3	2020/Nov/27/0830	16	16
16_sp13_replication_swe_2020_Nov_27_0830_block_3_word_presentation_17.wav	slå sno repa fånga	slå går snabbt osäker på detta	3	2020/Nov/27/0830	16	17
16_sp13_replication_swe_2020_Nov_27_0830_block_3_word_presentation_18.wav	vingla knäa ragla cykla		3	2020/Nov/27/0830	16	18
16_sp13_replication_swe_2020_Nov_27_0830_block_3_word_presentation_19.wav	vandra flanera ragla stampa		3	2020/Nov/27/0830	16	19
16_sp13_replication_swe_2020_Nov_27_0830_block_3_word_presentation_2.wav	halka fly skejta snava		3	2020/Nov/27/0830	16	2
16_sp13_replication_swe_2020_Nov_27_0830_block_3_word_presentation_20.wav	pilla bulta		3	2020/Nov/27/0830	16	20
16_sp13_replication_swe_2020_Nov_27_0830_block_3_word_presentation_21.wav	svaja ila stå rada	osäker på rada	3	2020/Nov/27/0830	16	21
16_sp13_replication_swe_2020_Nov_27_0830_block_3_word_presentation_22.wav	nypa borsta karva svabba		3	2020/Nov/27/0830	16	22
16_sp13_replication_swe_2020_Nov_27_0830_block_3_word_presentation_23.wav	putta daska rycka ösa		3	2020/Nov/27/0830	16	23
16_sp13_replication_swe_2020_Nov_27_0830_block_3_word_presentation_24.wav	skynda linka svassa ila		3	2020/Nov/27/0830	16	24
16_sp13_replication_swe_2020_Nov_27_0830_block_3_word_presentation_25.wav	banka piska hiva hava		3	2020/Nov/27/0830	16	25
16_sp13_replication_swe_2020_Nov_27_0830_block_3_word_presentation_3.wav	marschera ränna stava springa		3	2020/Nov/27/0830	16	3
16_sp13_replication_swe_2020_Nov_27_0830_block_3_word_presentation_4.wav	traska pinna kliva sväva	osäker på sväva	3	2020/Nov/27/0830	16	4
16_sp13_replication_swe_2020_Nov_27_0830_block_3_word_presentation_5.wav	polera dunka grubbla		3	2020/Nov/27/0830	16	5
16_sp13_replication_swe_2020_Nov_27_0830_block_3_word_presentation_6.wav	hyckla noppa tvätta klippa	hyckla går snabbt osäker	3	2020/Nov/27/0830	16	6
16_sp13_replication_swe_2020_Nov_27_0830_block_3_word_presentation_7.wav	rista kasta klippa slipa		3	2020/Nov/27/0830	16	7
16_sp13_replication_swe_2020_Nov_27_0830_block_3_word_presentation_8.wav	springa tåga snubbla glida		3	2020/Nov/27/0830	16	8
16_sp13_replication_swe_2020_Nov_27_0830_block_3_word_presentation_9.wav	trampa löpa rusa gå		3	2020/Nov/27/0830	16	9
17_sp13_replication_swe_2020_Nov_27_1026_block_1_word_presentation_0.wav	jogga promenera rusa		1	2020/Nov/27/1026	17	0
17_sp13_replication_swe_2020_Nov_27_1026_block_1_word_presentation_1.wav		inget ord	1	2020/Nov/27/1026	17	1
17_sp13_replication_swe_2020_Nov_27_1026_block_1_word_presentation_10.wav	skala		1	2020/Nov/27/1026	17	10
17_sp13_replication_swe_2020_Nov_27_1026_block_1_word_presentation_11.wav	vada trippa slinga		1	2020/Nov/27/1026	17	11
17_sp13_replication_swe_2020_Nov_27_1026_block_1_word_presentation_12.wav	vandra skejta trippa		1	2020/Nov/27/1026	17	12
17_sp13_replication_swe_2020_Nov_27_1026_block_1_word_presentation_13.wav	vika gripa slå		1	2020/Nov/27/1026	17	13
17_sp13_replication_swe_2020_Nov_27_1026_block_1_word_presentation_14.wav	bulta skyffla		1	2020/Nov/27/1026	17	14
17_sp13_replication_swe_2020_Nov_27_1026_block_1_word_presentation_15.wav	ila		1	2020/Nov/27/1026	17	15
17_sp13_replication_swe_2020_Nov_27_1026_block_1_word_presentation_16.wav	springa stövla		1	2020/Nov/27/1026	17	16
17_sp13_replication_swe_2020_Nov_27_1026_block_1_word_presentation_17.wav	fläta		1	2020/Nov/27/1026	17	17
17_sp13_replication_swe_2020_Nov_27_1026_block_1_word_presentation_18.wav	knacka gnubbra skrubba	han säger gnubbra	1	2020/Nov/27/1026	17	18
17_sp13_replication_swe_2020_Nov_27_1026_block_1_word_presentation_19.wav	linda grabba		1	2020/Nov/27/1026	17	19
17_sp13_replication_swe_2020_Nov_27_1026_block_1_word_presentation_2.wav	greppa slungra	han säger slungra	1	2020/Nov/27/1026	17	2
17_sp13_replication_swe_2020_Nov_27_1026_block_1_word_presentation_20.wav	svaja vackla		1	2020/Nov/27/1026	17	20
17_sp13_replication_swe_2020_Nov_27_1026_block_1_word_presentation_21.wav	gå knäa pina	han säger pina	1	2020/Nov/27/1026	17	21
17_sp13_replication_swe_2020_Nov_27_1026_block_1_word_presentation_22.wav	gå promenera knalla hoppa		1	2020/Nov/27/1026	17	22
17_sp13_replication_swe_2020_Nov_27_1026_block_1_word_presentation_23.wav	hacka sno		1	2020/Nov/27/1026	17	23
17_sp13_replication_swe_2020_Nov_27_1026_block_1_word_presentation_24.wav	ösa snärta rota		1	2020/Nov/27/1026	17	24
17_sp13_replication_swe_2020_Nov_27_1026_block_1_word_presentation_25.wav	repa daska knycka		1	2020/Nov/27/1026	17	25
17_sp13_replication_swe_2020_Nov_27_1026_block_1_word_presentation_3.wav	flu stega skrutta	han säger flu och skrutta	1	2020/Nov/27/1026	17	3
17_sp13_replication_swe_2020_Nov_27_1026_block_1_word_presentation_4.wav	klappa putta blanka		1	2020/Nov/27/1026	17	4
17_sp13_replication_swe_2020_Nov_27_1026_block_1_word_presentation_5.wav	tvätta peta hiva		1	2020/Nov/27/1026	17	5
17_sp13_replication_swe_2020_Nov_27_1026_block_1_word_presentation_6.wav	svabba nupa tvätta	han säger nupa	1	2020/Nov/27/1026	17	6
17_sp13_replication_swe_2020_Nov_27_1026_block_1_word_presentation_7.wav	tassa kliva hunka	han säger hunka	1	2020/Nov/27/1026	17	7
17_sp13_replication_swe_2020_Nov_27_1026_block_1_word_presentation_8.wav	glida ragla stå kliva		1	2020/Nov/27/1026	17	8
17_sp13_replication_swe_2020_Nov_27_1026_block_1_word_presentation_9.wav	löpa ränna skutta		1	2020/Nov/27/1026	17	9
17_sp13_replication_swe_2020_Nov_27_1026_block_2_word_presentation_0.wav	rota ösa bulta slippa	han säger slippa	2	2020/Nov/27/1026	17	0
17_sp13_replication_swe_2020_Nov_27_1026_block_2_word_presentation_1.wav	flu vandra pinna svissa	han säger flu och svissa	2	2020/Nov/27/1026	17	1
17_sp13_replication_swe_2020_Nov_27_1026_block_2_word_presentation_10.wav	vada trippa stå länka	han säger länka	2	2020/Nov/27/1026	17	10
17_sp13_replication_swe_2020_Nov_27_1026_block_2_word_presentation_11.wav	stövla		2	2020/Nov/27/1026	17	11
17_sp13_replication_swe_2020_Nov_27_1026_block_2_word_presentation_12.wav	linda nypa pilla knäa		2	2020/Nov/27/1026	17	12
17_sp13_replication_swe_2020_Nov_27_1026_block_2_word_presentation_13.wav	traska snubbla vingla träla	han säger träla	2	2020/Nov/27/1026	17	13
17_sp13_replication_swe_2020_Nov_27_1026_block_2_word_presentation_14.wav	ragla flanera marschera löpa		2	2020/Nov/27/1026	17	14
17_sp13_replication_swe_2020_Nov_27_1026_block_2_word_presentation_15.wav	kasta skrubba skyffla fläta		2	2020/Nov/27/1026	17	15
17_sp13_replication_swe_2020_Nov_27_1026_block_2_word_presentation_16.wav	promenera ila banka stiga		2	2020/Nov/27/1026	17	16
17_sp13_replication_swe_2020_Nov_27_1026_block_2_word_presentation_17.wav	klösa fånga		2	2020/Nov/27/1026	17	17
17_sp13_replication_swe_2020_Nov_27_1026_block_2_word_presentation_18.wav	tassa halta cykla skejta	osäker på tassa svårt att höra t i början	2	2020/Nov/27/1026	17	18
17_sp13_replication_swe_2020_Nov_27_1026_block_2_word_presentation_19.wav	skura signera vika daska		2	2020/Nov/27/1026	17	19
17_sp13_replication_swe_2020_Nov_27_1026_block_2_word_presentation_2.wav	tåg kliva skynda	han säger tåg	2	2020/Nov/27/1026	17	2
17_sp13_replication_swe_2020_Nov_27_1026_block_2_word_presentation_20.wav	tvätta hissa slå		2	2020/Nov/27/1026	17	20
17_sp13_replication_swe_2020_Nov_27_1026_block_2_word_presentation_21.wav	repa norpa borsta		2	2020/Nov/27/1026	17	21
17_sp13_replication_swe_2020_Nov_27_1026_block_2_word_presentation_22.wav	stappla glida stampa		2	2020/Nov/27/1026	17	22
17_sp13_replication_swe_2020_Nov_27_1026_block_2_word_presentation_23.wav	polera rista klippa		2	2020/Nov/27/1026	17	23
17_sp13_replication_swe_2020_Nov_27_1026_block_2_word_presentation_24.wav	sno greppa plocka hiva		2	2020/Nov/27/1026	17	24
17_sp13_replication_swe_2020_Nov_27_1026_block_2_word_presentation_25.wav	trampa lunka jogga rusa		2	2020/Nov/27/1026	17	25
17_sp13_replication_swe_2020_Nov_27_1026_block_2_word_presentation_3.wav		inget ord	2	2020/Nov/27/1026	17	3
17_sp13_replication_swe_2020_Nov_27_1026_block_2_word_presentation_4.wav	buga hoppa vandra skrida	osäker på buga otydligt i början	2	2020/Nov/27/1026	17	4
17_sp13_replication_swe_2020_Nov_27_1026_block_2_word_presentation_5.wav	gripa dunka grabba		2	2020/Nov/27/1026	17	5
17_sp13_replication_swe_2020_Nov_27_1026_block_2_word_presentation_6.wav	stava ränna		2	2020/Nov/27/1026	17	6
17_sp13_replication_swe_2020_Nov_27_1026_block_2_word_presentation_7.wav	klappa slunga skala		2	2020/Nov/27/1026	17	7
17_sp13_replication_swe_2020_Nov_27_1026_block_2_word_presentation_8.wav	peta snedda fila	han säger snedda	2	2020/Nov/27/1026	17	8
17_sp13_replication_swe_2020_Nov_27_1026_block_2_word_presentation_9.wav	gå ströva sparka knäa		2	2020/Nov/27/1026	17	9
17_sp13_replication_swe_2020_Nov_27_1026_block_3_word_presentation_0.wav	pilla bulta slocka	han säger slocka	3	2020/Nov/27/1026	17	0
